NORMALIZED_TIME, INERTIAL_X, INERTIAL_Y, INERTIAL_Z, ASTEROID_X, ASTEROID_Y, ASTEROID_Z, RADIUS
 0.000, 1.500, 0.000,-0.000, 1.500,-0.001,-0.000, 1.500
 0.001, 1.504,-0.008, 0.000, 1.504,-0.015, 0.000, 1.504
 0.001, 1.513,-0.031, 0.001, 1.513,-0.045, 0.001, 1.513
 0.002, 1.524,-0.062, 0.002, 1.524,-0.082, 0.002, 1.526
 0.003, 1.537,-0.095, 0.004, 1.535,-0.122, 0.004, 1.540
 0.003, 1.549,-0.129, 0.004, 1.546,-0.163, 0.004, 1.554
 0.004, 1.560,-0.163, 0.004, 1.555,-0.204, 0.004, 1.568
 0.005, 1.568,-0.196, 0.003, 1.561,-0.244, 0.003, 1.580
 0.005, 1.574,-0.228,-0.003, 1.565,-0.283,-0.003, 1.591
 0.006, 1.578,-0.258,-0.017, 1.566,-0.320,-0.017, 1.599
 0.007, 1.579,-0.287,-0.037, 1.565,-0.355,-0.037, 1.605
 0.007, 1.578,-0.311,-0.061, 1.562,-0.385,-0.061, 1.610
 0.008, 1.577,-0.325,-0.091, 1.558,-0.406,-0.091, 1.613
 0.009, 1.575,-0.331,-0.124, 1.554,-0.418,-0.124, 1.614
 0.009, 1.573,-0.330,-0.158, 1.551,-0.424,-0.158, 1.615
 0.010, 1.571,-0.323,-0.193, 1.547,-0.424,-0.193, 1.616
 0.011, 1.569,-0.312,-0.227, 1.544,-0.419,-0.227, 1.616
 0.011, 1.567,-0.295,-0.259, 1.541,-0.409,-0.259, 1.615
 0.012, 1.565,-0.274,-0.290, 1.539,-0.394,-0.290, 1.615
 0.013, 1.563,-0.242,-0.317, 1.538,-0.369,-0.317, 1.613
 0.013, 1.562,-0.203,-0.341, 1.539,-0.337,-0.341, 1.612
 0.014, 1.562,-0.161,-0.361, 1.541,-0.302,-0.361, 1.611
 0.015, 1.561,-0.119,-0.377, 1.543,-0.267,-0.377, 1.611
 0.015, 1.561,-0.080,-0.389, 1.546,-0.234,-0.389, 1.611
 0.016, 1.561,-0.042,-0.399, 1.548,-0.202,-0.399, 1.611
 0.017, 1.560,-0.004,-0.406, 1.551,-0.172,-0.406, 1.612
 0.017, 1.558, 0.034,-0.413, 1.552,-0.140,-0.413, 1.612
 0.018, 1.556, 0.071,-0.419, 1.554,-0.109,-0.419, 1.613
 0.019, 1.553, 0.109,-0.425, 1.554,-0.079,-0.425, 1.613
 0.019, 1.548, 0.147,-0.429, 1.554,-0.047,-0.429, 1.613
 0.020, 1.543, 0.184,-0.433, 1.554,-0.016,-0.433, 1.614
 0.021, 1.538, 0.224,-0.433, 1.554, 0.018,-0.433, 1.613
 0.021, 1.532, 0.266,-0.429, 1.554, 0.053,-0.429, 1.613
 0.022, 1.526, 0.307,-0.423, 1.554, 0.088,-0.423, 1.613
 0.023, 1.520, 0.345,-0.416, 1.554, 0.120,-0.416, 1.613
 0.023, 1.513, 0.382,-0.411, 1.553, 0.150,-0.411, 1.613
 0.024, 1.504, 0.419,-0.406, 1.551, 0.182,-0.406, 1.613
 0.025, 1.495, 0.455,-0.402, 1.548, 0.213,-0.402, 1.613
 0.025, 1.485, 0.491,-0.397, 1.545, 0.243,-0.397, 1.613
 0.026, 1.474, 0.528,-0.391, 1.541, 0.275,-0.391, 1.613
 0.027, 1.462, 0.563,-0.385, 1.537, 0.305,-0.385, 1.614
 0.027, 1.450, 0.598,-0.378, 1.532, 0.335,-0.378, 1.614
 0.028, 1.437, 0.633,-0.371, 1.527, 0.364,-0.371, 1.614
 0.029, 1.427, 0.660,-0.350, 1.524, 0.387,-0.350, 1.611
 0.029, 1.423, 0.670,-0.290, 1.524, 0.391,-0.290, 1.600
 0.030, 1.425, 0.668,-0.206, 1.527, 0.382,-0.206, 1.587
 0.031, 1.430, 0.658,-0.112, 1.531, 0.365,-0.112, 1.578
 0.031, 1.436, 0.645,-0.018, 1.536, 0.343,-0.018, 1.574
 0.032, 1.443, 0.630, 0.070, 1.541, 0.321, 0.070, 1.576
 0.033, 1.449, 0.615, 0.148, 1.546, 0.299, 0.148, 1.582
 0.033, 1.455, 0.602, 0.214, 1.550, 0.278, 0.214, 1.589
 0.034, 1.460, 0.590, 0.269, 1.553, 0.258, 0.269, 1.597
 0.035, 1.465, 0.573, 0.318, 1.555, 0.234, 0.318, 1.604
 0.035, 1.469, 0.552, 0.360, 1.556, 0.206, 0.360, 1.610
 0.036, 1.472, 0.529, 0.398, 1.555, 0.176, 0.398, 1.614
 0.037, 1.475, 0.503, 0.431, 1.552, 0.143, 0.431, 1.617
 0.037, 1.478, 0.473, 0.460, 1.549, 0.107, 0.460, 1.619
 0.038, 1.482, 0.441, 0.484, 1.544, 0.069, 0.484, 1.620
 0.039, 1.485, 0.403, 0.503, 1.539, 0.025, 0.503, 1.619
 0.039, 1.489, 0.364, 0.520, 1.533,-0.021, 0.520, 1.619
 0.040, 1.493, 0.325, 0.532, 1.527,-0.067, 0.532, 1.618
 0.041, 1.497, 0.285, 0.541, 1.520,-0.113, 0.541, 1.617
 0.041, 1.501, 0.246, 0.548, 1.513,-0.157, 0.548, 1.617
 0.042, 1.504, 0.208, 0.553, 1.505,-0.202, 0.553, 1.616
 0.043, 1.507, 0.170, 0.557, 1.496,-0.245, 0.557, 1.615
 0.043, 1.509, 0.132, 0.560, 1.487,-0.289, 0.560, 1.615
 0.044, 1.509, 0.096, 0.567, 1.475,-0.330, 0.567, 1.614
 0.045, 1.507, 0.057, 0.574, 1.461,-0.373, 0.574, 1.614
 0.045, 1.506, 0.018, 0.580, 1.447,-0.416, 0.580, 1.613
 0.046, 1.504,-0.022, 0.583, 1.432,-0.460, 0.583, 1.613
 0.047, 1.502,-0.062, 0.583, 1.416,-0.504, 0.583, 1.613
 0.047, 1.502,-0.101, 0.579, 1.402,-0.548, 0.579, 1.613
 0.048, 1.502,-0.139, 0.570, 1.388,-0.589, 0.570, 1.613
 0.049, 1.504,-0.175, 0.555, 1.377,-0.630, 0.555, 1.612
 0.049, 1.507,-0.208, 0.535, 1.366,-0.668, 0.535, 1.612
 0.050, 1.510,-0.239, 0.511, 1.357,-0.705, 0.511, 1.612
 0.051, 1.514,-0.268, 0.486, 1.348,-0.739, 0.486, 1.612
 0.051, 1.516,-0.298, 0.460, 1.338,-0.774, 0.460, 1.612
 0.052, 1.517,-0.329, 0.438, 1.324,-0.809, 0.438, 1.612
 0.053, 1.515,-0.362, 0.420, 1.308,-0.845, 0.420, 1.613
 0.053, 1.510,-0.394, 0.408, 1.289,-0.879, 0.408, 1.613
 0.054, 1.502,-0.425, 0.406, 1.268,-0.911, 0.406, 1.613
 0.055, 1.493,-0.456, 0.407, 1.244,-0.943, 0.407, 1.613
 0.055, 1.483,-0.487, 0.407, 1.220,-0.974, 0.407, 1.613
 0.056, 1.472,-0.517, 0.408, 1.195,-1.004, 0.408, 1.613
 0.057, 1.461,-0.548, 0.407, 1.169,-1.033, 0.407, 1.613
 0.057, 1.451,-0.579, 0.401, 1.144,-1.063, 0.401, 1.613
 0.058, 1.442,-0.608, 0.387, 1.121,-1.092, 0.387, 1.612
 0.059, 1.436,-0.635, 0.365, 1.100,-1.120, 0.365, 1.612
 0.059, 1.431,-0.659, 0.339, 1.082,-1.145, 0.339, 1.612
 0.060, 1.428,-0.679, 0.310, 1.067,-1.167, 0.310, 1.611
 0.061, 1.424,-0.700, 0.276, 1.051,-1.190, 0.276, 1.611
 0.061, 1.421,-0.719, 0.239, 1.035,-1.210, 0.239, 1.611
 0.062, 1.418,-0.735, 0.204, 1.021,-1.229, 0.204, 1.611
 0.063, 1.416,-0.749, 0.168, 1.008,-1.245, 0.168, 1.611
 0.063, 1.415,-0.760, 0.129, 0.997,-1.259, 0.129, 1.611
 0.064, 1.414,-0.768, 0.091, 0.988,-1.270, 0.091, 1.612
 0.065, 1.413,-0.774, 0.055, 0.979,-1.280, 0.055, 1.612
 0.065, 1.411,-0.781, 0.020, 0.969,-1.289, 0.020, 1.613
 0.066, 1.407,-0.789,-0.015, 0.957,-1.299,-0.015, 1.613
 0.067, 1.401,-0.798,-0.049, 0.942,-1.309,-0.049, 1.613
 0.067, 1.396,-0.804,-0.086, 0.929,-1.316,-0.086, 1.613
 0.068, 1.390,-0.809,-0.123, 0.916,-1.322,-0.123, 1.613
 0.069, 1.386,-0.810,-0.158, 0.907,-1.325,-0.158, 1.613
 0.069, 1.385,-0.804,-0.194, 0.902,-1.323,-0.194, 1.613
 0.070, 1.385,-0.794,-0.228, 0.901,-1.319,-0.228, 1.613
 0.071, 1.387,-0.778,-0.264, 0.904,-1.309,-0.264, 1.613
 0.071, 1.391,-0.758,-0.301, 0.911,-1.296,-0.301, 1.612
 0.072, 1.395,-0.735,-0.335, 0.919,-1.281,-0.335, 1.612
 0.073, 1.400,-0.709,-0.366, 0.930,-1.264,-0.366, 1.612
 0.073, 1.407,-0.679,-0.395, 0.944,-1.244,-0.395, 1.611
 0.074, 1.414,-0.648,-0.421, 0.960,-1.224,-0.421, 1.612
 0.075, 1.422,-0.615,-0.443, 0.977,-1.203,-0.443, 1.612
 0.075, 1.431,-0.575,-0.465, 0.998,-1.176,-0.465, 1.611
 0.076, 1.441,-0.532,-0.485, 1.022,-1.147,-0.485, 1.611
 0.077, 1.450,-0.488,-0.503, 1.046,-1.117,-0.503, 1.611
 0.077, 1.459,-0.448,-0.518, 1.068,-1.090,-0.518, 1.611
 0.078, 1.466,-0.410,-0.531, 1.087,-1.065,-0.531, 1.612
 0.079, 1.471,-0.375,-0.545, 1.104,-1.041,-0.545, 1.613
 0.079, 1.474,-0.336,-0.562, 1.122,-1.013,-0.562, 1.613
 0.080, 1.476,-0.295,-0.580, 1.139,-0.983,-0.580, 1.613
 0.081, 1.476,-0.255,-0.598, 1.155,-0.954,-0.598, 1.613
 0.081, 1.476,-0.217,-0.614, 1.169,-0.926,-0.614, 1.613
 0.082, 1.473,-0.182,-0.633, 1.181,-0.899,-0.633, 1.614
 0.083, 1.468,-0.148,-0.653, 1.190,-0.873,-0.653, 1.614
 0.083, 1.460,-0.113,-0.677, 1.197,-0.844,-0.677, 1.613
 0.084, 1.451,-0.079,-0.700, 1.204,-0.815,-0.700, 1.613
 0.085, 1.441,-0.042,-0.723, 1.210,-0.783,-0.723, 1.613
 0.085, 1.428, 0.005,-0.746, 1.220,-0.742,-0.746, 1.611
 0.086, 1.414, 0.055,-0.768, 1.231,-0.697,-0.768, 1.610
 0.087, 1.400, 0.104,-0.787, 1.243,-0.653,-0.787, 1.609
 0.087, 1.387, 0.151,-0.803, 1.254,-0.612,-0.803, 1.610
 0.088, 1.375, 0.193,-0.816, 1.264,-0.576,-0.816, 1.611
 0.089, 1.363, 0.237,-0.827, 1.275,-0.537,-0.827, 1.612
 0.089, 1.351, 0.282,-0.834, 1.287,-0.498,-0.834, 1.612
 0.090, 1.339, 0.324,-0.839, 1.298,-0.462,-0.839, 1.613
 0.091, 1.327, 0.365,-0.842, 1.308,-0.427,-0.842, 1.614
 0.091, 1.313, 0.409,-0.844, 1.319,-0.388,-0.844, 1.613
 0.092, 1.297, 0.454,-0.845, 1.330,-0.348,-0.845, 1.613
 0.093, 1.282, 0.495,-0.845, 1.339,-0.310,-0.845, 1.614
 0.093, 1.267, 0.534,-0.846, 1.347,-0.276,-0.846, 1.614
 0.094, 1.249, 0.571,-0.849, 1.352,-0.240,-0.849, 1.614
 0.095, 1.229, 0.606,-0.853, 1.355,-0.207,-0.853, 1.614
 0.095, 1.208, 0.633,-0.864, 1.352,-0.178,-0.864, 1.614
 0.096, 1.183, 0.652,-0.883, 1.342,-0.154,-0.883, 1.614
 0.097, 1.158, 0.663,-0.906, 1.328,-0.136,-0.906, 1.613
 0.097, 1.134, 0.670,-0.930, 1.312,-0.122,-0.930, 1.613
 0.098, 1.095, 0.705,-0.925, 1.300,-0.077,-0.925, 1.597
 0.099, 1.033, 0.781,-0.877, 1.295, 0.016,-0.877, 1.564
 0.099, 0.961, 0.880,-0.805, 1.296, 0.133,-0.805, 1.531
 0.100, 0.886, 0.988,-0.720, 1.301, 0.259,-0.720, 1.510
 0.101, 0.813, 1.094,-0.634, 1.309, 0.381,-0.634, 1.503
 0.101, 0.747, 1.192,-0.552, 1.318, 0.494,-0.552, 1.511
 0.102, 0.690, 1.278,-0.479, 1.327, 0.592,-0.479, 1.529
 0.103, 0.642, 1.351,-0.416, 1.335, 0.673,-0.416, 1.552
 0.103, 0.602, 1.409,-0.365, 1.343, 0.737,-0.365, 1.575
 0.104, 0.570, 1.455,-0.320, 1.350, 0.787,-0.320, 1.595
 0.105, 0.548, 1.489,-0.266, 1.357, 0.822,-0.266, 1.609
 0.105, 0.528, 1.515,-0.217, 1.362, 0.849,-0.217, 1.619
 0.106, 0.517, 1.532,-0.164, 1.367, 0.863,-0.164, 1.625
 0.107, 0.514, 1.540,-0.105, 1.374, 0.866,-0.105, 1.627
 0.107, 0.518, 1.543,-0.045, 1.382, 0.859,-0.045, 1.628
 0.108, 0.524, 1.541, 0.010, 1.389, 0.848, 0.010, 1.628
 0.109, 0.532, 1.536, 0.060, 1.396, 0.833, 0.060, 1.627
 0.109, 0.538, 1.531, 0.105, 1.401, 0.819, 0.105, 1.626
 0.110, 0.544, 1.524, 0.146, 1.405, 0.804, 0.146, 1.625
 0.111, 0.553, 1.515, 0.186, 1.409, 0.786, 0.186, 1.624
 0.111, 0.560, 1.506, 0.224, 1.411, 0.768, 0.224, 1.622
 0.112, 0.565, 1.496, 0.261, 1.412, 0.751, 0.261, 1.621
 0.113, 0.569, 1.486, 0.298, 1.411, 0.735, 0.298, 1.619
 0.113, 0.572, 1.476, 0.334, 1.410, 0.719, 0.334, 1.618
 0.114, 0.571, 1.466, 0.370, 1.406, 0.707, 0.370, 1.617
 0.115, 0.567, 1.457, 0.406, 1.400, 0.697, 0.406, 1.616
 0.115, 0.562, 1.448, 0.441, 1.393, 0.687, 0.441, 1.615
 0.116, 0.558, 1.437, 0.476, 1.386, 0.676, 0.476, 1.614
 0.117, 0.560, 1.424, 0.512, 1.380, 0.659, 0.512, 1.613
 0.117, 0.564, 1.409, 0.547, 1.376, 0.639, 0.547, 1.613
 0.118, 0.566, 1.394, 0.581, 1.370, 0.621, 0.581, 1.612
 0.119, 0.572, 1.377, 0.613, 1.365, 0.599, 0.613, 1.612
 0.119, 0.582, 1.358, 0.644, 1.362, 0.573, 0.644, 1.612
 0.120, 0.598, 1.337, 0.672, 1.362, 0.541, 0.672, 1.612
 0.121, 0.617, 1.315, 0.697, 1.362, 0.506, 0.697, 1.612
 0.121, 0.640, 1.290, 0.723, 1.362, 0.466, 0.723, 1.611
 0.122, 0.663, 1.263, 0.748, 1.362, 0.425, 0.748, 1.611
 0.123, 0.689, 1.235, 0.771, 1.362, 0.381, 0.771, 1.611
 0.123, 0.718, 1.204, 0.792, 1.362, 0.332, 0.792, 1.610
 0.124, 0.748, 1.174, 0.810, 1.363, 0.283, 0.810, 1.610
 0.125, 0.777, 1.145, 0.825, 1.363, 0.237, 0.825, 1.611
 0.125, 0.804, 1.117, 0.839, 1.362, 0.192, 0.839, 1.612
 0.126, 0.825, 1.087, 0.858, 1.356, 0.151, 0.858, 1.612
 0.127, 0.838, 1.057, 0.883, 1.344, 0.115, 0.883, 1.612
 0.127, 0.845, 1.028, 0.910, 1.328, 0.084, 0.910, 1.612
 0.128, 0.848, 1.002, 0.937, 1.311, 0.059, 0.937, 1.612
 0.129, 0.848, 0.975, 0.965, 1.292, 0.035, 0.965, 1.613
 0.129, 0.846, 0.949, 0.992, 1.271, 0.014, 0.992, 1.613
 0.130, 0.837, 0.930, 1.018, 1.251, 0.002, 1.018, 1.613
 0.131, 0.823, 0.913, 1.044, 1.229,-0.005, 1.044, 1.613
 0.131, 0.806, 0.900, 1.069, 1.207,-0.006, 1.069, 1.613
 0.132, 0.779, 0.898, 1.088, 1.189, 0.008, 1.088, 1.612
 0.133, 0.748, 0.907, 1.101, 1.175, 0.032, 1.101, 1.611
 0.133, 0.714, 0.921, 1.110, 1.164, 0.062, 1.110, 1.610
 0.134, 0.681, 0.938, 1.116, 1.156, 0.093, 1.116, 1.609
 0.135, 0.651, 0.957, 1.118, 1.151, 0.123, 1.118, 1.609
 0.135, 0.622, 0.978, 1.117, 1.149, 0.154, 1.117, 1.610
 0.136, 0.595, 1.001, 1.112, 1.149, 0.185, 1.112, 1.610
 0.137, 0.566, 1.022, 1.108, 1.148, 0.215, 1.108, 1.610
 0.137, 0.536, 1.039, 1.108, 1.143, 0.244, 1.108, 1.611
 0.138, 0.506, 1.053, 1.110, 1.136, 0.272, 1.110, 1.611
 0.139, 0.474, 1.068, 1.110, 1.129, 0.301, 1.110, 1.612
 0.139, 0.442, 1.084, 1.108, 1.123, 0.331, 1.108, 1.612
 0.140, 0.411, 1.099, 1.106, 1.117, 0.360, 1.106, 1.612
 0.141, 0.377, 1.114, 1.103, 1.109, 0.391, 1.103, 1.612
 0.141, 0.342, 1.129, 1.099, 1.101, 0.423, 1.099, 1.612
 0.142, 0.308, 1.142, 1.096, 1.093, 0.453, 1.096, 1.613
 0.143, 0.274, 1.156, 1.091, 1.085, 0.484, 1.091, 1.613
 0.143, 0.240, 1.170, 1.084, 1.078, 0.515, 1.084, 1.613
 0.144, 0.207, 1.184, 1.075, 1.071, 0.546, 1.075, 1.613
 0.145, 0.172, 1.201, 1.063, 1.066, 0.579, 1.063, 1.613
 0.145, 0.139, 1.217, 1.048, 1.062, 0.611, 1.048, 1.613
 0.146, 0.106, 1.234, 1.032, 1.059, 0.643, 1.032, 1.612
 0.147, 0.072, 1.252, 1.013, 1.056, 0.676, 1.013, 1.612
 0.147, 0.040, 1.268, 0.995, 1.054, 0.707, 0.995, 1.612
 0.148, 0.006, 1.284, 0.975, 1.050, 0.740, 0.975, 1.612
 0.149,-0.029, 1.299, 0.955, 1.045, 0.772, 0.955, 1.612
 0.149,-0.063, 1.314, 0.931, 1.041, 0.804, 0.931, 1.612
 0.150,-0.100, 1.336, 0.888, 1.042, 0.843, 0.888, 1.608
 0.151,-0.136, 1.363, 0.833, 1.047, 0.883, 0.833, 1.603
 0.151,-0.170, 1.391, 0.773, 1.055, 0.923, 0.773, 1.601
 0.152,-0.201, 1.418, 0.715, 1.064, 0.958, 0.715, 1.600
 0.153,-0.228, 1.441, 0.662, 1.073, 0.989, 0.662, 1.602
 0.153,-0.250, 1.461, 0.615, 1.081, 1.015, 0.615, 1.605
 0.154,-0.269, 1.480, 0.568, 1.091, 1.036, 0.568, 1.608
 0.155,-0.284, 1.497, 0.522, 1.101, 1.053, 0.522, 1.611
 0.155,-0.296, 1.511, 0.480, 1.111, 1.066, 0.480, 1.613
 0.156,-0.309, 1.523, 0.440, 1.118, 1.078, 0.440, 1.615
 0.157,-0.323, 1.532, 0.401, 1.124, 1.090, 0.401, 1.616
 0.157,-0.336, 1.540, 0.358, 1.128, 1.101, 0.358, 1.616
 0.158,-0.348, 1.547, 0.316, 1.132, 1.110, 0.316, 1.617
 0.159,-0.360, 1.552, 0.277, 1.135, 1.118, 0.277, 1.617
 0.159,-0.375, 1.554, 0.239, 1.134, 1.127, 0.239, 1.617
 0.160,-0.394, 1.554, 0.204, 1.130, 1.138, 0.204, 1.616
 0.161,-0.415, 1.553, 0.167, 1.122, 1.150, 0.167, 1.616
 0.161,-0.437, 1.549, 0.132, 1.113, 1.163, 0.132, 1.615
 0.162,-0.459, 1.545, 0.097, 1.103, 1.176, 0.097, 1.615
 0.163,-0.482, 1.539, 0.062, 1.092, 1.187, 0.062, 1.614
 0.163,-0.504, 1.533, 0.028, 1.080, 1.199, 0.028, 1.614
 0.164,-0.530, 1.524,-0.005, 1.065, 1.212,-0.005, 1.614
 0.165,-0.556, 1.514,-0.035, 1.049, 1.226,-0.035, 1.614
 0.165,-0.580, 1.504,-0.066, 1.033, 1.238,-0.066, 1.613
 0.166,-0.602, 1.494,-0.098, 1.019, 1.247,-0.098, 1.613
 0.167,-0.623, 1.483,-0.130, 1.005, 1.256,-0.130, 1.614
 0.167,-0.644, 1.470,-0.163, 0.989, 1.264,-0.163, 1.613
 0.168,-0.666, 1.457,-0.193, 0.972, 1.273,-0.193, 1.613
 0.169,-0.691, 1.442,-0.218, 0.953, 1.284,-0.218, 1.614
 0.169,-0.717, 1.426,-0.237, 0.933, 1.295,-0.237, 1.614
 0.170,-0.742, 1.411,-0.252, 0.913, 1.307,-0.252, 1.614
 0.171,-0.767, 1.394,-0.269, 0.892, 1.318,-0.269, 1.614
 0.171,-0.793, 1.378,-0.279, 0.871, 1.329,-0.279, 1.614
 0.172,-0.819, 1.362,-0.281, 0.851, 1.342,-0.281, 1.614
 0.173,-0.846, 1.347,-0.271, 0.832, 1.355,-0.271, 1.613
 0.173,-0.872, 1.333,-0.251, 0.814, 1.369,-0.251, 1.612
 0.174,-0.896, 1.320,-0.225, 0.798, 1.382,-0.225, 1.611
 0.175,-0.917, 1.310,-0.197, 0.785, 1.393,-0.197, 1.611
 0.175,-0.937, 1.299,-0.167, 0.773, 1.403,-0.167, 1.611
 0.176,-0.957, 1.288,-0.132, 0.760, 1.413,-0.132, 1.610
 0.177,-0.977, 1.277,-0.096, 0.748, 1.423,-0.096, 1.610
 0.177,-0.994, 1.266,-0.062, 0.736, 1.431,-0.062, 1.611
 0.178,-1.007, 1.257,-0.024, 0.729, 1.436,-0.024, 1.611
 0.179,-1.017, 1.250, 0.015, 0.725, 1.439, 0.015, 1.611
 0.179,-1.023, 1.244, 0.051, 0.724, 1.439, 0.051, 1.612
 0.180,-1.027, 1.240, 0.088, 0.725, 1.438, 0.088, 1.612
 0.181,-1.027, 1.237, 0.125, 0.728, 1.434, 0.125, 1.613
 0.181,-1.026, 1.235, 0.160, 0.732, 1.429, 0.160, 1.613
 0.182,-1.021, 1.234, 0.196, 0.740, 1.421, 0.196, 1.614
 0.183,-1.013, 1.235, 0.229, 0.749, 1.411, 0.229, 1.614
 0.183,-1.008, 1.234, 0.261, 0.756, 1.402, 0.261, 1.614
 0.184,-1.002, 1.231, 0.294, 0.762, 1.392, 0.294, 1.614
 0.185,-0.997, 1.227, 0.325, 0.766, 1.383, 0.325, 1.614
 0.185,-0.996, 1.219, 0.358, 0.765, 1.375, 0.358, 1.614
 0.186,-0.995, 1.209, 0.390, 0.762, 1.368, 0.390, 1.614
 0.187,-0.989, 1.203, 0.422, 0.764, 1.357, 0.422, 1.613
 0.187,-0.979, 1.199, 0.454, 0.770, 1.343, 0.454, 1.613
 0.188,-0.967, 1.195, 0.488, 0.776, 1.327, 0.488, 1.613
 0.189,-0.956, 1.189, 0.521, 0.781, 1.311, 0.521, 1.612
 0.189,-0.937, 1.096, 0.531, 0.705, 1.258, 0.531, 1.537
 0.190,-0.906, 0.857, 0.503, 0.496, 1.144, 0.503, 1.345
 0.191,-0.869, 0.537, 0.451, 0.212, 0.999, 0.451, 1.116
 0.191,-0.829, 0.184, 0.386,-0.103, 0.843, 0.386, 0.933
 0.192,-0.790,-0.167, 0.318,-0.418, 0.691, 0.318, 0.868
 0.193,-0.754,-0.492, 0.251,-0.710, 0.553, 0.251, 0.934
 0.193,-0.721,-0.778, 0.191,-0.968, 0.433, 0.191, 1.078
 0.194,-0.693,-1.018, 0.139,-1.186, 0.335, 0.139, 1.240
 0.195,-0.669,-1.212, 0.096,-1.360, 0.257, 0.096, 1.388
 0.195,-0.650,-1.361, 0.062,-1.495, 0.198, 0.062, 1.509
 0.196,-0.629,-1.471, 0.035,-1.593, 0.150, 0.035, 1.600
 0.197,-0.603,-1.551, 0.016,-1.660, 0.109, 0.016, 1.664
 0.197,-0.574,-1.604, 0.003,-1.702, 0.072, 0.003, 1.704
 0.198,-0.541,-1.637,-0.006,-1.724, 0.038,-0.006, 1.724
 0.199,-0.506,-1.655,-0.014,-1.731, 0.007,-0.014, 1.731
 0.199,-0.469,-1.662,-0.016,-1.727,-0.022,-0.016, 1.727
 0.200,-0.432,-1.661,-0.012,-1.716,-0.050,-0.012, 1.717
 0.201,-0.396,-1.656,-0.003,-1.701,-0.077,-0.003, 1.703
 0.201,-0.359,-1.648, 0.002,-1.684,-0.102, 0.002, 1.687
 0.202,-0.323,-1.640, 0.007,-1.666,-0.127, 0.007, 1.671
 0.203,-0.288,-1.631, 0.017,-1.650,-0.152, 0.017, 1.657
 0.203,-0.254,-1.624, 0.022,-1.634,-0.176, 0.022, 1.644
 0.204,-0.221,-1.618, 0.018,-1.621,-0.200, 0.018, 1.633
 0.205,-0.188,-1.613, 0.008,-1.609,-0.223, 0.008, 1.624
 0.205,-0.155,-1.610,-0.002,-1.598,-0.247,-0.002, 1.617
 0.206,-0.121,-1.608,-0.005,-1.589,-0.273,-0.005, 1.612
 0.207,-0.088,-1.607,-0.007,-1.581,-0.298,-0.007, 1.609
 0.207,-0.055,-1.606,-0.009,-1.574,-0.323,-0.009, 1.607
 0.208,-0.021,-1.606,-0.008,-1.568,-0.349,-0.008, 1.606
 0.209, 0.011,-1.606,-0.010,-1.562,-0.374,-0.010, 1.606
 0.209, 0.045,-1.606,-0.011,-1.556,-0.400,-0.011, 1.606
 0.210, 0.078,-1.605,-0.011,-1.549,-0.426,-0.011, 1.607
 0.211, 0.112,-1.604,-0.010,-1.543,-0.452,-0.010, 1.608
 0.211, 0.146,-1.602,-0.008,-1.536,-0.478,-0.008, 1.609
 0.212, 0.179,-1.599,-0.003,-1.529,-0.503,-0.003, 1.609
 0.213, 0.212,-1.596,-0.007,-1.521,-0.528,-0.007, 1.610
 0.213, 0.232,-1.592,-0.024,-1.515,-0.541,-0.024, 1.609
 0.214, 0.225,-1.587,-0.062,-1.514,-0.526,-0.062, 1.604
 0.215, 0.198,-1.581,-0.112,-1.515,-0.493,-0.112, 1.597
 0.215, 0.162,-1.576,-0.166,-1.519,-0.449,-0.166, 1.593
 0.216, 0.122,-1.571,-0.219,-1.523,-0.402,-0.219, 1.591
 0.217, 0.082,-1.566,-0.269,-1.528,-0.356,-0.269, 1.591
 0.217, 0.046,-1.563,-0.312,-1.532,-0.313,-0.312, 1.594
 0.218, 0.011,-1.559,-0.351,-1.535,-0.271,-0.351, 1.598
 0.219,-0.028,-1.554,-0.386,-1.538,-0.226,-0.386, 1.602
 0.219,-0.076,-1.547,-0.415,-1.540,-0.171,-0.415, 1.604
 0.220,-0.126,-1.539,-0.439,-1.540,-0.113,-0.439, 1.606
 0.221,-0.174,-1.532,-0.458,-1.541,-0.058,-0.458, 1.608
 0.221,-0.218,-1.525,-0.472,-1.540,-0.007,-0.472, 1.611
 0.222,-0.262,-1.516,-0.482,-1.538, 0.045,-0.482, 1.613
 0.223,-0.304,-1.508,-0.490,-1.535, 0.094,-0.490, 1.614
 0.223,-0.344,-1.499,-0.495,-1.531, 0.141,-0.495, 1.615
 0.224,-0.383,-1.489,-0.497,-1.526, 0.187,-0.497, 1.616
 0.225,-0.421,-1.480,-0.496,-1.521, 0.233,-0.496, 1.616
 0.225,-0.462,-1.469,-0.487,-1.514, 0.281,-0.487, 1.615
 0.226,-0.508,-1.458,-0.465,-1.508, 0.335,-0.465, 1.613
 0.227,-0.555,-1.448,-0.435,-1.501, 0.390,-0.435, 1.611
 0.227,-0.599,-1.439,-0.401,-1.495, 0.441,-0.401, 1.609
 0.228,-0.638,-1.431,-0.368,-1.489, 0.486,-0.368, 1.609
 0.229,-0.672,-1.424,-0.332,-1.484, 0.527,-0.332, 1.610
 0.229,-0.702,-1.419,-0.295,-1.479, 0.564,-0.295, 1.610
 0.230,-0.727,-1.414,-0.259,-1.474, 0.596,-0.259, 1.611
 0.231,-0.748,-1.411,-0.221,-1.470, 0.623,-0.221, 1.612
 0.231,-0.766,-1.407,-0.185,-1.466, 0.647,-0.185, 1.613
 0.232,-0.779,-1.404,-0.146,-1.461, 0.667,-0.146, 1.613
 0.233,-0.762,-1.409,-0.087,-1.461, 0.656,-0.087, 1.604
 0.233,-0.720,-1.420,-0.012,-1.467, 0.620,-0.012, 1.592
 0.234,-0.664,-1.435, 0.067,-1.475, 0.569, 0.067, 1.583
 0.235,-0.602,-1.451, 0.144,-1.485, 0.512, 0.144, 1.578
 0.235,-0.539,-1.468, 0.215,-1.496, 0.455, 0.215, 1.578
 0.236,-0.480,-1.483, 0.276,-1.506, 0.402, 0.276, 1.583
 0.237,-0.427,-1.496, 0.326,-1.515, 0.355, 0.326, 1.590
 0.237,-0.380,-1.508, 0.367,-1.523, 0.314, 0.367, 1.598
 0.238,-0.335,-1.518, 0.400,-1.530, 0.275, 0.400, 1.605
 0.239,-0.285,-1.526, 0.425,-1.535, 0.231, 0.425, 1.610
 0.239,-0.232,-1.534, 0.443,-1.540, 0.185, 0.443, 1.613
 0.240,-0.182,-1.540, 0.455,-1.544, 0.141, 0.455, 1.616
 0.241,-0.135,-1.545, 0.462,-1.548, 0.101, 0.462, 1.618
 0.241,-0.093,-1.548, 0.467,-1.549, 0.065, 0.467, 1.620
 0.242,-0.052,-1.549, 0.472,-1.550, 0.030, 0.472, 1.620
 0.243,-0.012,-1.549, 0.476,-1.549,-0.003, 0.476, 1.620
 0.243, 0.029,-1.548, 0.477,-1.547,-0.037, 0.477, 1.620
 0.244, 0.070,-1.546, 0.476,-1.546,-0.071, 0.476, 1.619
 0.245, 0.109,-1.544, 0.473,-1.544,-0.104, 0.473, 1.618
 0.245, 0.148,-1.541, 0.468,-1.542,-0.136, 0.468, 1.617
 0.246, 0.186,-1.538, 0.462,-1.540,-0.167, 0.462, 1.616
 0.247, 0.224,-1.534, 0.455,-1.537,-0.199, 0.455, 1.615
 0.247, 0.262,-1.529, 0.448,-1.534,-0.230, 0.448, 1.615
 0.248, 0.298,-1.523, 0.444,-1.530,-0.260, 0.444, 1.614
 0.249, 0.334,-1.516, 0.443,-1.525,-0.290, 0.443, 1.614
 0.249, 0.370,-1.507, 0.442,-1.519,-0.320, 0.442, 1.614
 0.250, 0.406,-1.497, 0.443,-1.512,-0.349, 0.443, 1.613
 0.251, 0.437,-1.485, 0.454,-1.502,-0.374, 0.454, 1.613
 0.251, 0.464,-1.469, 0.473,-1.489,-0.396, 0.473, 1.612
 0.252, 0.487,-1.454, 0.497,-1.476,-0.413, 0.497, 1.612
 0.253, 0.507,-1.437, 0.523,-1.463,-0.428, 0.523, 1.611
 0.253, 0.526,-1.420, 0.550,-1.448,-0.441, 0.550, 1.611
 0.254, 0.535,-1.404, 0.581,-1.435,-0.444, 0.581, 1.611
 0.255, 0.535,-1.391, 0.612,-1.424,-0.440, 0.612, 1.611
 0.255, 0.525,-1.380, 0.643,-1.414,-0.424, 0.643, 1.610
 0.256, 0.505,-1.372, 0.673,-1.407,-0.399, 0.673, 1.610
 0.257, 0.480,-1.367, 0.701,-1.401,-0.369, 0.701, 1.610
 0.257, 0.452,-1.364, 0.726,-1.397,-0.335, 0.726, 1.609
 0.258, 0.421,-1.361, 0.748,-1.393,-0.299, 0.748, 1.610
 0.259, 0.389,-1.361, 0.768,-1.391,-0.260, 0.768, 1.610
 0.259, 0.355,-1.361, 0.784,-1.389,-0.221, 0.784, 1.610
 0.260, 0.316,-1.363, 0.797,-1.388,-0.175, 0.797, 1.610
 0.261, 0.269,-1.366, 0.807,-1.387,-0.122, 0.807, 1.609
 0.261, 0.220,-1.369, 0.815,-1.385,-0.068, 0.815, 1.609
 0.262, 0.174,-1.373, 0.821,-1.384,-0.016, 0.821, 1.609
 0.263, 0.132,-1.376, 0.826,-1.382, 0.032, 0.826, 1.610
 0.263, 0.092,-1.378, 0.829,-1.379, 0.078, 0.829, 1.611
 0.264, 0.048,-1.381, 0.828,-1.376, 0.129, 0.828, 1.611
 0.265,-0.002,-1.384, 0.824,-1.371, 0.185, 0.824, 1.611
 0.265,-0.052,-1.386, 0.818,-1.366, 0.240, 0.818, 1.610
 0.266,-0.099,-1.389, 0.810,-1.361, 0.292, 0.810, 1.611
 0.267,-0.146,-1.391, 0.799,-1.355, 0.346, 0.799, 1.611
 0.267,-0.195,-1.393, 0.785,-1.348, 0.400, 0.785, 1.611
 0.268,-0.240,-1.394, 0.771,-1.341, 0.450, 0.771, 1.611
 0.269,-0.283,-1.395, 0.756,-1.333, 0.499, 0.756, 1.612
 0.269,-0.324,-1.395, 0.742,-1.324, 0.545, 0.742, 1.613
 0.270,-0.365,-1.393, 0.728,-1.313, 0.590, 0.728, 1.613
 0.271,-0.403,-1.389, 0.716,-1.300, 0.633, 0.716, 1.614
 0.271,-0.439,-1.382, 0.710,-1.284, 0.673, 0.710, 1.614
 0.272,-0.474,-1.373, 0.705,-1.267, 0.711, 0.705, 1.615
 0.273,-0.511,-1.364, 0.691,-1.248, 0.752, 0.691, 1.613
 0.273,-0.559,-1.358, 0.647,-1.230, 0.802, 0.647, 1.605
 0.274,-0.610,-1.355, 0.583,-1.214, 0.857, 0.583, 1.596
 0.275,-0.659,-1.354, 0.510,-1.199, 0.911, 0.510, 1.590
 0.275,-0.704,-1.355, 0.438,-1.187, 0.960, 0.438, 1.588
 0.276,-0.743,-1.357, 0.369,-1.177, 1.003, 0.369, 1.590
 0.277,-0.773,-1.360, 0.309,-1.170, 1.039, 0.309, 1.595
 0.277,-0.798,-1.363, 0.257,-1.163, 1.069, 0.257, 1.600
 0.278,-0.825,-1.360, 0.210,-1.150, 1.100, 0.210, 1.605
 0.279,-0.853,-1.354, 0.169,-1.133, 1.130, 0.169, 1.609
 0.279,-0.882,-1.343, 0.134,-1.111, 1.161, 0.134, 1.612
 0.280,-0.912,-1.329, 0.105,-1.085, 1.191, 0.105, 1.615
 0.281,-0.940,-1.313, 0.083,-1.058, 1.220, 0.083, 1.617
 0.281,-0.967,-1.295, 0.064,-1.029, 1.247, 0.064, 1.618
 0.282,-0.994,-1.276, 0.047,-0.999, 1.272, 0.047, 1.618
 0.283,-1.020,-1.256, 0.034,-0.967, 1.297, 0.034, 1.618
 0.283,-1.046,-1.234, 0.024,-0.934, 1.321, 0.024, 1.618
 0.284,-1.070,-1.212, 0.022,-0.901, 1.342, 0.022, 1.617
 0.285,-1.090,-1.193, 0.031,-0.871, 1.361, 0.031, 1.616
 0.285,-1.106,-1.176, 0.045,-0.845, 1.376, 0.045, 1.615
 0.286,-1.101,-1.168, 0.036,-0.833, 1.372, 0.036, 1.606
 0.287,-1.061,-1.174,-0.021,-0.844, 1.339,-0.021, 1.583
 0.287,-0.998,-1.190,-0.107,-0.870, 1.286,-0.107, 1.557
 0.288,-0.925,-1.210,-0.206,-0.905, 1.226,-0.206, 1.537
 0.289,-0.849,-1.233,-0.308,-0.943, 1.163,-0.308, 1.529
 0.289,-0.777,-1.256,-0.404,-0.981, 1.104,-0.404, 1.531
 0.290,-0.711,-1.278,-0.489,-1.016, 1.052,-0.489, 1.542
 0.291,-0.653,-1.298,-0.562,-1.048, 1.007,-0.562, 1.558
 0.291,-0.605,-1.315,-0.621,-1.074, 0.970,-0.621, 1.575
 0.292,-0.561,-1.329,-0.669,-1.097, 0.938,-0.669, 1.591
 0.293,-0.522,-1.341,-0.708,-1.116, 0.909,-0.708, 1.604
 0.293,-0.487,-1.346,-0.744,-1.128, 0.882,-0.744, 1.614
 0.294,-0.458,-1.345,-0.779,-1.133, 0.858,-0.779, 1.621
 0.295,-0.433,-1.340,-0.812,-1.131, 0.838,-0.812, 1.625
 0.295,-0.413,-1.329,-0.844,-1.124, 0.820,-0.844, 1.627
 0.296,-0.394,-1.315,-0.873,-1.113, 0.803,-0.873, 1.627
 0.297,-0.307,-1.287,-0.883,-1.113, 0.717,-0.883, 1.591
 0.297,-0.150,-1.247,-0.871,-1.124, 0.560,-0.871, 1.529
 0.298, 0.043,-1.201,-0.846,-1.144, 0.367,-0.846, 1.469
 0.299, 0.248,-1.154,-0.813,-1.169, 0.164,-0.813, 1.433
 0.299, 0.446,-1.108,-0.778,-1.194,-0.033,-0.778, 1.426
 0.300, 0.628,-1.067,-0.744,-1.220,-0.212,-0.744, 1.444
 0.301, 0.785,-1.032,-0.712,-1.243,-0.367,-0.712, 1.479
 0.301, 0.915,-1.001,-0.685,-1.264,-0.494,-0.685, 1.520
 0.302, 1.020,-0.977,-0.662,-1.281,-0.595,-0.662, 1.560
 0.303, 1.101,-0.955,-0.644,-1.293,-0.673,-0.644, 1.593
 0.303, 1.168,-0.931,-0.619,-1.299,-0.738,-0.619, 1.617
 0.304, 1.231,-0.902,-0.569,-1.298,-0.802,-0.569, 1.628
 0.305, 1.286,-0.871,-0.503,-1.294,-0.859,-0.503, 1.633
 0.305, 1.334,-0.840,-0.431,-1.287,-0.910,-0.431, 1.634
 0.306, 1.374,-0.811,-0.360,-1.280,-0.952,-0.360, 1.635
 0.307, 1.405,-0.784,-0.295,-1.272,-0.986,-0.295, 1.636
 0.307, 1.429,-0.761,-0.238,-1.264,-1.011,-0.238, 1.636
 0.308, 1.447,-0.740,-0.186,-1.256,-1.031,-0.186, 1.636
 0.309, 1.461,-0.720,-0.138,-1.248,-1.047,-0.138, 1.635
 0.309, 1.472,-0.700,-0.094,-1.239,-1.060,-0.094, 1.633
 0.310, 1.482,-0.677,-0.055,-1.227,-1.073,-0.055, 1.631
 0.311, 1.491,-0.652,-0.018,-1.212,-1.086,-0.018, 1.628
 0.311, 1.499,-0.626, 0.020,-1.196,-1.099, 0.020, 1.625
 0.312, 1.506,-0.600, 0.057,-1.181,-1.111, 0.057, 1.622
 0.313, 1.512,-0.574, 0.094,-1.164,-1.123, 0.094, 1.620
 0.313, 1.518,-0.546, 0.130,-1.146,-1.135, 0.130, 1.618
 0.314, 1.523,-0.517, 0.161,-1.128,-1.147, 0.161, 1.617
 0.315, 1.529,-0.488, 0.182,-1.109,-1.161, 0.182, 1.616
 0.315, 1.536,-0.458, 0.191,-1.091,-1.175, 0.191, 1.615
 0.316, 1.544,-0.431, 0.186,-1.074,-1.190, 0.186, 1.614
 0.317, 1.551,-0.406, 0.170,-1.060,-1.203, 0.170, 1.612
 0.317, 1.558,-0.384, 0.149,-1.049,-1.214, 0.149, 1.611
 0.318, 1.564,-0.363, 0.122,-1.039,-1.225, 0.122, 1.611
 0.319, 1.570,-0.343, 0.091,-1.029,-1.235, 0.091, 1.610
 0.319, 1.575,-0.324, 0.058,-1.020,-1.244, 0.058, 1.610
 0.320, 1.580,-0.307, 0.024,-1.012,-1.252, 0.024, 1.610
 0.321, 1.583,-0.291,-0.012,-1.005,-1.258,-0.012, 1.610
 0.321, 1.586,-0.277,-0.047,-0.999,-1.262,-0.047, 1.610
 0.322, 1.587,-0.264,-0.082,-0.993,-1.265,-0.082, 1.611
 0.323, 1.587,-0.252,-0.118,-0.988,-1.267,-0.118, 1.611
 0.323, 1.584,-0.241,-0.159,-0.984,-1.265,-0.159, 1.611
 0.324, 1.574,-0.234,-0.218,-0.978,-1.256,-0.218, 1.607
 0.325, 1.560,-0.229,-0.287,-0.972,-1.242,-0.287, 1.603
 0.325, 1.544,-0.226,-0.357,-0.966,-1.225,-0.357, 1.601
 0.326, 1.528,-0.223,-0.424,-0.960,-1.209,-0.424, 1.601
 0.327, 1.513,-0.220,-0.483,-0.956,-1.193,-0.483, 1.603
 0.327, 1.499,-0.218,-0.534,-0.952,-1.178,-0.534, 1.606
 0.328, 1.486,-0.218,-0.579,-0.950,-1.163,-0.579, 1.609
 0.329, 1.473,-0.217,-0.618,-0.947,-1.148,-0.618, 1.612
 0.329, 1.463,-0.206,-0.651,-0.937,-1.141,-0.651, 1.614
 0.330, 1.455,-0.188,-0.676,-0.923,-1.140,-0.676, 1.615
 0.331, 1.449,-0.166,-0.696,-0.906,-1.143,-0.696, 1.616
 0.331, 1.445,-0.136,-0.710,-0.884,-1.151,-0.710, 1.616
 0.332, 1.442,-0.100,-0.720,-0.857,-1.164,-0.720, 1.615
 0.333, 1.440,-0.062,-0.726,-0.829,-1.179,-0.726, 1.614
 0.333, 1.439,-0.025,-0.729,-0.802,-1.195,-0.729, 1.613
 0.334, 1.438, 0.010,-0.731,-0.777,-1.210,-0.731, 1.613
 0.335, 1.435, 0.048,-0.734,-0.750,-1.225,-0.734, 1.613
 0.335, 1.431, 0.086,-0.738,-0.721,-1.239,-0.738, 1.613
 0.336, 1.426, 0.122,-0.743,-0.693,-1.252,-0.743, 1.613
 0.337, 1.421, 0.158,-0.746,-0.666,-1.265,-0.746, 1.613
 0.337, 1.416, 0.198,-0.743,-0.636,-1.281,-0.743, 1.612
 0.338, 1.413, 0.240,-0.736,-0.605,-1.300,-0.736, 1.611
 0.339, 1.411, 0.280,-0.726,-0.576,-1.318,-0.726, 1.611
 0.339, 1.409, 0.317,-0.716,-0.550,-1.335,-0.716, 1.612
 0.340, 1.407, 0.357,-0.700,-0.523,-1.354,-0.700, 1.611
 0.341, 1.405, 0.397,-0.681,-0.494,-1.374,-0.681, 1.611
 0.341, 1.403, 0.436,-0.661,-0.468,-1.393,-0.661, 1.611
 0.342, 1.401, 0.472,-0.642,-0.443,-1.410,-0.642, 1.612
 0.343, 1.395, 0.507,-0.628,-0.418,-1.425,-0.628, 1.612
 0.343, 1.388, 0.541,-0.619,-0.392,-1.437,-0.619, 1.613
 0.344, 1.377, 0.573,-0.615,-0.366,-1.445,-0.615, 1.613
 0.345, 1.359, 0.609,-0.619,-0.333,-1.451,-0.619, 1.612
 0.345, 1.337, 0.646,-0.627,-0.296,-1.455,-0.627, 1.612
 0.346, 1.313, 0.682,-0.638,-0.260,-1.456,-0.638, 1.611
 0.347, 1.290, 0.714,-0.650,-0.226,-1.457,-0.650, 1.611
 0.347, 1.268, 0.743,-0.662,-0.196,-1.456,-0.662, 1.612
 0.348, 1.244, 0.770,-0.677,-0.166,-1.453,-0.677, 1.612
 0.349, 1.218, 0.795,-0.696,-0.137,-1.448,-0.696, 1.612
 0.349, 1.192, 0.817,-0.715,-0.110,-1.441,-0.715, 1.612
 0.350, 1.163, 0.839,-0.737,-0.080,-1.432,-0.737, 1.612
 0.351, 1.131, 0.861,-0.760,-0.049,-1.421,-0.760, 1.612
 0.351, 1.099, 0.882,-0.783,-0.019,-1.409,-0.783, 1.612
 0.352, 1.069, 0.900,-0.804, 0.009,-1.397,-0.804, 1.612
 0.353, 1.035, 0.919,-0.827, 0.038,-1.384,-0.827, 1.612
 0.353, 1.000, 0.936,-0.850, 0.068,-1.368,-0.850, 1.612
 0.354, 0.966, 0.952,-0.872, 0.097,-1.353,-0.872, 1.612
 0.355, 0.933, 0.967,-0.892, 0.124,-1.338,-0.892, 1.613
 0.355, 0.898, 0.982,-0.912, 0.152,-1.322,-0.912, 1.613
 0.356, 0.863, 0.996,-0.930, 0.180,-1.306,-0.930, 1.613
 0.357, 0.829, 1.009,-0.947, 0.207,-1.290,-0.947, 1.613
 0.357, 0.775, 1.024,-0.970, 0.248,-1.260,-0.970, 1.609
 0.358, 0.707, 1.039,-0.997, 0.299,-1.220,-0.997, 1.604
 0.359, 0.633, 1.053,-1.024, 0.354,-1.177,-1.024, 1.600
 0.359, 0.561, 1.066,-1.051, 0.408,-1.133,-1.051, 1.598
 0.360, 0.494, 1.078,-1.074, 0.457,-1.094,-1.074, 1.600
 0.361, 0.435, 1.087,-1.095, 0.500,-1.059,-1.095, 1.603
 0.361, 0.384, 1.095,-1.111, 0.536,-1.029,-1.111, 1.607
 0.362, 0.326, 1.099,-1.128, 0.574,-0.992,-1.128, 1.608
 0.363, 0.259, 1.098,-1.146, 0.615,-0.946,-1.146, 1.608
 0.363, 0.191, 1.095,-1.162, 0.656,-0.897,-1.162, 1.608
 0.364, 0.126, 1.090,-1.177, 0.694,-0.850,-1.177, 1.609
 0.365, 0.067, 1.084,-1.190, 0.727,-0.807,-1.190, 1.611
 0.365, 0.017, 1.078,-1.200, 0.755,-0.770,-1.200, 1.613
 0.366,-0.030, 1.068,-1.211, 0.778,-0.733,-1.211, 1.615
 0.367,-0.075, 1.054,-1.223, 0.796,-0.695,-1.223, 1.616
 0.367,-0.115, 1.038,-1.235, 0.811,-0.658,-1.235, 1.617
 0.368,-0.154, 1.018,-1.247, 0.822,-0.620,-1.247, 1.617
 0.369,-0.196, 0.993,-1.260, 0.832,-0.576,-1.260, 1.616
 0.369,-0.238, 0.965,-1.273, 0.840,-0.531,-1.273, 1.616
 0.370,-0.276, 0.939,-1.285, 0.847,-0.489,-1.285, 1.615
 0.371,-0.310, 0.914,-1.295, 0.853,-0.451,-1.295, 1.615
 0.371,-0.358, 0.881,-1.301, 0.864,-0.399,-1.301, 1.611
 0.372,-0.423, 0.840,-1.300, 0.881,-0.327,-1.300, 1.605
 0.373,-0.495, 0.794,-1.296, 0.902,-0.249,-1.296, 1.599
 0.373,-0.568, 0.749,-1.290, 0.925,-0.171,-1.290, 1.596
 0.374,-0.635, 0.708,-1.283, 0.946,-0.098,-1.283, 1.597
 0.375,-0.695, 0.670,-1.276, 0.965,-0.035,-1.276, 1.600
 0.375,-0.746, 0.639,-1.269, 0.982, 0.018,-1.269, 1.604
 0.376,-0.779, 0.607,-1.270, 0.985, 0.060,-1.270, 1.608
 0.377,-0.795, 0.575,-1.278, 0.977, 0.090,-1.278, 1.611
 0.377,-0.799, 0.546,-1.291, 0.961, 0.111,-1.291, 1.613
 0.378,-0.795, 0.519,-1.306, 0.942, 0.124,-1.306, 1.615
 0.379,-0.787, 0.494,-1.321, 0.920, 0.134,-1.321, 1.615
 0.379,-0.778, 0.465,-1.337, 0.894, 0.147,-1.337, 1.615
 0.380,-0.769, 0.433,-1.352, 0.867, 0.161,-1.352, 1.615
 0.381,-0.764, 0.396,-1.365, 0.841, 0.183,-1.365, 1.614
 0.381,-0.764, 0.355,-1.375, 0.816, 0.211,-1.375, 1.613
 0.382,-0.768, 0.313,-1.382, 0.793, 0.243,-1.382, 1.612
 0.383,-0.774, 0.273,-1.387, 0.773, 0.274,-1.387, 1.612
 0.383,-0.782, 0.236,-1.390, 0.757, 0.305,-1.390, 1.612
 0.384,-0.793, 0.198,-1.390, 0.744, 0.338,-1.390, 1.612
 0.385,-0.805, 0.162,-1.387, 0.733, 0.371,-1.387, 1.612
 0.385,-0.817, 0.126,-1.384, 0.722, 0.403,-1.384, 1.612
 0.386,-0.824, 0.090,-1.383, 0.707, 0.432,-1.383, 1.613
 0.387,-0.827, 0.055,-1.383, 0.690, 0.459,-1.383, 1.613
 0.387,-0.827, 0.018,-1.385, 0.669, 0.486,-1.385, 1.613
 0.388,-0.823,-0.020,-1.387, 0.645, 0.511,-1.387, 1.613
 0.389,-0.818,-0.056,-1.389, 0.622, 0.534,-1.389, 1.613
 0.389,-0.813,-0.092,-1.390, 0.599, 0.558,-1.390, 1.613
 0.390,-0.810,-0.129,-1.389, 0.577, 0.583,-1.389, 1.613
 0.391,-0.808,-0.166,-1.386, 0.556, 0.609,-1.386, 1.613
 0.391,-0.803,-0.206,-1.383, 0.531, 0.637,-1.383, 1.613
 0.392,-0.797,-0.248,-1.379, 0.505, 0.665,-1.379, 1.612
 0.393,-0.791,-0.288,-1.375, 0.479, 0.692,-1.375, 1.612
 0.393,-0.783,-0.324,-1.372, 0.456, 0.715,-1.372, 1.613
 0.394,-0.769,-0.356,-1.372, 0.429, 0.731,-1.372, 1.613
 0.395,-0.750,-0.383,-1.375, 0.401, 0.740,-1.375, 1.613
 0.395,-0.734,-0.444,-1.345, 0.357, 0.780,-1.345, 1.595
 0.396,-0.724,-0.542,-1.277, 0.297, 0.854,-1.277, 1.565
 0.397,-0.719,-0.657,-1.189, 0.232, 0.946,-1.189, 1.537
 0.397,-0.716,-0.778,-1.093, 0.167, 1.044,-1.093, 1.521
 0.398,-0.715,-0.893,-0.999, 0.108, 1.139,-0.999, 1.519
 0.399,-0.715,-0.997,-0.912, 0.056, 1.226,-0.912, 1.529
 0.399,-0.715,-1.087,-0.837, 0.012, 1.301,-0.837, 1.547
 0.400,-0.715,-1.161,-0.773,-0.022, 1.363,-0.773, 1.568
 0.401,-0.714,-1.220,-0.722,-0.048, 1.413,-0.722, 1.588
 0.401,-0.714,-1.268,-0.675,-0.069, 1.454,-0.675, 1.604
 0.402,-0.713,-1.307,-0.632,-0.083, 1.486,-0.632, 1.617
 0.403,-0.711,-1.337,-0.593,-0.094, 1.511,-0.593, 1.626
 0.403,-0.708,-1.362,-0.553,-0.103, 1.532,-0.553, 1.632
 0.404,-0.704,-1.382,-0.514,-0.110, 1.547,-0.514, 1.634
 0.405,-0.700,-1.398,-0.478,-0.115, 1.559,-0.478, 1.635
 0.405,-0.699,-1.409,-0.441,-0.116, 1.569,-0.441, 1.634
 0.406,-0.700,-1.417,-0.403,-0.112, 1.577,-0.403, 1.632
 0.407,-0.704,-1.423,-0.367,-0.104, 1.584,-0.367, 1.629
 0.407,-0.684,-1.424,-0.297,-0.116, 1.575,-0.297, 1.607
 0.408,-0.624,-1.420,-0.170,-0.159, 1.543,-0.170, 1.560
 0.409,-0.541,-1.413,-0.013,-0.221, 1.497,-0.013, 1.513
 0.409,-0.449,-1.404, 0.153,-0.291, 1.445, 0.153, 1.482
 0.410,-0.355,-1.395, 0.314,-0.363, 1.394, 0.314, 1.474
 0.411,-0.267,-1.387, 0.460,-0.430, 1.345, 0.460, 1.485
 0.411,-0.189,-1.379, 0.586,-0.489, 1.303, 0.586, 1.510
 0.412,-0.121,-1.372, 0.691,-0.540, 1.267, 0.691, 1.541
 0.413,-0.066,-1.366, 0.773,-0.581, 1.239, 0.773, 1.571
 0.413,-0.028,-1.360, 0.838,-0.606, 1.217, 0.838, 1.598
 0.414,-0.011,-1.344, 0.897,-0.609, 1.199, 0.897, 1.616
 0.415,-0.012,-1.320, 0.952,-0.592, 1.180, 0.952, 1.628
 0.415,-0.024,-1.291, 1.001,-0.563, 1.162, 1.001, 1.634
 0.416,-0.044,-1.261, 1.042,-0.527, 1.147, 1.042, 1.637
 0.417,-0.066,-1.233, 1.076,-0.490, 1.134, 1.076, 1.638
 0.417,-0.092,-1.206, 1.103,-0.449, 1.123, 1.103, 1.637
 0.418,-0.124,-1.177, 1.127,-0.403, 1.113, 1.127, 1.634
 0.419,-0.158,-1.151, 1.146,-0.357, 1.105, 1.146, 1.631
 0.419,-0.189,-1.127, 1.160,-0.313, 1.099, 1.160, 1.628
 0.420,-0.221,-1.105, 1.172,-0.270, 1.094, 1.172, 1.626
 0.421,-0.256,-1.083, 1.181,-0.225, 1.090, 1.181, 1.623
 0.421,-0.290,-1.062, 1.189,-0.181, 1.086, 1.189, 1.620
 0.422,-0.322,-1.044, 1.194,-0.139, 1.084, 1.194, 1.618
 0.423,-0.359,-1.028, 1.195,-0.094, 1.085, 1.195, 1.616
 0.423,-0.395,-1.014, 1.193,-0.051, 1.087, 1.193, 1.615
 0.424,-0.431,-1.003, 1.188,-0.009, 1.092, 1.188, 1.614
 0.425,-0.468,-0.993, 1.182, 0.034, 1.097, 1.182, 1.613
 0.425,-0.504,-0.984, 1.174, 0.075, 1.103, 1.174, 1.612
 0.426,-0.542,-0.974, 1.165, 0.118, 1.108, 1.165, 1.612
 0.427,-0.579,-0.964, 1.155, 0.162, 1.113, 1.155, 1.612
 0.427,-0.614,-0.954, 1.145, 0.203, 1.116, 1.145, 1.612
 0.428,-0.651,-0.942, 1.134, 0.246, 1.119, 1.134, 1.612
 0.429,-0.686,-0.930, 1.124, 0.288, 1.119, 1.124, 1.611
 0.429,-0.682,-0.818, 1.100, 0.331, 1.013, 1.100, 1.531
 0.430,-0.634,-0.590, 1.060, 0.374, 0.781, 1.060, 1.369
 0.431,-0.559,-0.298, 1.012, 0.413, 0.480, 1.012, 1.194
 0.431,-0.472, 0.016, 0.963, 0.447, 0.154, 0.963, 1.073
 0.432,-0.384, 0.324, 0.915, 0.474,-0.167, 0.915, 1.044
 0.433,-0.300, 0.606, 0.872, 0.494,-0.462, 0.872, 1.103
 0.433,-0.227, 0.851, 0.835, 0.508,-0.720, 0.835, 1.214
 0.434,-0.165, 1.055, 0.805, 0.516,-0.934, 0.805, 1.337
 0.435,-0.116, 1.217, 0.781, 0.521,-1.106, 0.781, 1.451
 0.435,-0.078, 1.341, 0.762, 0.522,-1.237, 0.762, 1.544
 0.436,-0.043, 1.430, 0.746, 0.513,-1.336, 0.746, 1.614
 0.437,-0.001, 1.491, 0.731, 0.488,-1.409, 0.731, 1.661
 0.437, 0.048, 1.530, 0.713, 0.448,-1.464, 0.713, 1.689
 0.438, 0.097, 1.551, 0.695, 0.401,-1.501, 0.695, 1.702
 0.439, 0.144, 1.558, 0.679, 0.353,-1.525, 0.679, 1.706
 0.439, 0.188, 1.556, 0.661, 0.303,-1.538, 0.661, 1.701
 0.440, 0.248, 1.547, 0.629, 0.237,-1.548, 0.629, 1.688
 0.441, 0.316, 1.532, 0.588, 0.162,-1.556, 0.588, 1.671
 0.441, 0.384, 1.516, 0.543, 0.085,-1.562, 0.543, 1.656
 0.442, 0.448, 1.500, 0.498, 0.012,-1.566, 0.498, 1.643
 0.443, 0.504, 1.486, 0.457,-0.052,-1.568, 0.457, 1.634
 0.443, 0.547, 1.459, 0.398,-0.108,-1.555, 0.398, 1.608
 0.444, 0.566, 1.371, 0.236,-0.158,-1.475, 0.236, 1.502
 0.445, 0.567, 1.241, 0.006,-0.201,-1.350, 0.006, 1.365
 0.445, 0.555, 1.093,-0.253,-0.235,-1.203,-0.253, 1.252
 0.446, 0.535, 0.943,-0.514,-0.262,-1.052,-0.514, 1.200
 0.447, 0.511, 0.802,-0.759,-0.281,-0.909,-0.759, 1.217
 0.447, 0.487, 0.677,-0.976,-0.293,-0.780,-0.976, 1.284
 0.448, 0.463, 0.571,-1.159,-0.301,-0.670,-1.159, 1.372
 0.449, 0.441, 0.485,-1.307,-0.304,-0.581,-1.307, 1.462
 0.449, 0.421, 0.419,-1.422,-0.304,-0.511,-1.422, 1.541
 0.450, 0.400, 0.374,-1.506,-0.296,-0.460,-1.506, 1.602
 0.451, 0.373, 0.349,-1.564,-0.279,-0.428,-1.564, 1.645
 0.451, 0.344, 0.332,-1.602,-0.256,-0.404,-1.602, 1.672
 0.452, 0.312, 0.309,-1.628,-0.232,-0.373,-1.628, 1.686
 0.453, 0.279, 0.282,-1.643,-0.208,-0.338,-1.643, 1.690
 0.453, 0.249, 0.255,-1.650,-0.186,-0.304,-1.650, 1.688
 0.454, 0.221, 0.228,-1.651,-0.166,-0.271,-1.651, 1.681
 0.455, 0.190, 0.200,-1.649,-0.142,-0.237,-1.649, 1.672
 0.455, 0.158, 0.173,-1.645,-0.118,-0.202,-1.645, 1.662
 0.456, 0.126, 0.146,-1.640,-0.093,-0.169,-1.640, 1.652
 0.457, 0.092, 0.118,-1.635,-0.066,-0.134,-1.635, 1.642
 0.457, 0.057, 0.088,-1.630,-0.038,-0.097,-1.630, 1.633
 0.458, 0.023, 0.059,-1.625,-0.012,-0.063,-1.625, 1.626
 0.459,-0.007, 0.033,-1.621, 0.013,-0.031,-1.621, 1.621
 0.459,-0.034, 0.009,-1.617, 0.036,-0.002,-1.617, 1.617
 0.460,-0.065,-0.019,-1.612, 0.061, 0.030,-1.612, 1.614
 0.461,-0.097,-0.047,-1.608, 0.087, 0.064,-1.608, 1.611
 0.461,-0.126,-0.075,-1.603, 0.111, 0.095,-1.603, 1.610
 0.462,-0.152,-0.099,-1.600, 0.133, 0.123,-1.600, 1.610
 0.463,-0.134,-0.128,-1.585, 0.111, 0.148,-1.585, 1.596
 0.463,-0.051,-0.166,-1.553, 0.024, 0.172,-1.553, 1.563
 0.464, 0.071,-0.210,-1.506,-0.103, 0.197,-1.506, 1.522
 0.465, 0.214,-0.258,-1.445,-0.251, 0.222,-1.445, 1.483
 0.465, 0.365,-0.305,-1.371,-0.406, 0.247,-1.371, 1.451
 0.466, 0.515,-0.348,-1.286,-0.559, 0.271,-1.286, 1.429
 0.467, 0.657,-0.387,-1.191,-0.705, 0.292,-1.191, 1.414
 0.467, 0.788,-0.420,-1.087,-0.838, 0.310,-1.087, 1.407
 0.468, 0.906,-0.448,-0.976,-0.957, 0.326,-0.976, 1.405
 0.469, 1.010,-0.469,-0.860,-1.061, 0.338,-0.860, 1.407
 0.469, 1.069,-0.465,-0.672,-1.118, 0.331,-0.672, 1.346
 0.470, 1.074,-0.429,-0.397,-1.117, 0.300,-0.397, 1.223
 0.471, 1.042,-0.375,-0.080,-1.078, 0.254,-0.080, 1.111
 0.471, 0.988,-0.311, 0.241,-1.016, 0.201, 0.241, 1.063
 0.472, 0.922,-0.246, 0.544,-0.943, 0.148, 0.544, 1.098
 0.473, 0.853,-0.183, 0.814,-0.867, 0.097, 0.814, 1.193
 0.473, 0.786,-0.127, 1.042,-0.795, 0.051, 1.042, 1.312
 0.474, 0.726,-0.079, 1.228,-0.730, 0.012, 1.228, 1.429
 0.475, 0.674,-0.039, 1.372,-0.675,-0.020, 1.372, 1.529
 0.475, 0.632,-0.007, 1.478,-0.630,-0.046, 1.478, 1.608
 0.476, 0.598, 0.017, 1.552,-0.595,-0.064, 1.552, 1.663
 0.477, 0.565, 0.072, 1.580,-0.558,-0.115, 1.580, 1.680
 0.477, 0.524, 0.194, 1.553,-0.509,-0.231, 1.553, 1.650
 0.478, 0.481, 0.352, 1.489,-0.457,-0.383, 1.489, 1.604
 0.479, 0.439, 0.524, 1.406,-0.405,-0.550, 1.406, 1.563
 0.479, 0.399, 0.693, 1.316,-0.359,-0.715, 1.316, 1.540
 0.480, 0.364, 0.848, 1.227,-0.319,-0.867, 1.227, 1.535
 0.481, 0.335, 0.984, 1.145,-0.286,-1.000, 1.145, 1.546
 0.481, 0.310, 1.098, 1.073,-0.260,-1.111, 1.073, 1.566
 0.482, 0.289, 1.189, 1.013,-0.241,-1.200, 1.013, 1.589
 0.483, 0.273, 1.259, 0.965,-0.227,-1.268, 0.965, 1.609
 0.483, 0.252, 1.317, 0.912,-0.210,-1.324, 0.912, 1.621
 0.484, 0.215, 1.373, 0.835,-0.177,-1.379, 0.835, 1.621
 0.485, 0.170, 1.426, 0.745,-0.136,-1.430, 0.745, 1.618
 0.485, 0.121, 1.472, 0.653,-0.093,-1.474, 0.653, 1.615
 0.486, 0.074, 1.511, 0.567,-0.051,-1.512, 0.567, 1.615
 0.487, 0.029, 1.542, 0.489,-0.012,-1.542, 0.489, 1.618
 0.487,-0.011, 1.565, 0.423, 0.021,-1.565, 0.423, 1.622
 0.488,-0.045, 1.582, 0.370, 0.048,-1.582, 0.370, 1.626
 0.489,-0.052, 1.522, 0.294, 0.048,-1.522, 0.294, 1.551
 0.489,-0.006, 1.304, 0.156,-0.003,-1.304, 0.156, 1.313
 0.490, 0.073, 0.994,-0.014,-0.084,-0.993,-0.014, 0.997
 0.491, 0.169, 0.644,-0.195,-0.178,-0.641,-0.195, 0.694
 0.491, 0.269, 0.292,-0.370,-0.275,-0.286,-0.370, 0.543
 0.492, 0.367,-0.038,-0.529,-0.366, 0.047,-0.529, 0.645
 0.493, 0.456,-0.330,-0.667,-0.446, 0.343,-0.667, 0.873
 0.493, 0.533,-0.576,-0.781,-0.515, 0.593,-0.781, 1.107
 0.494, 0.598,-0.774,-0.871,-0.569, 0.795,-0.871, 1.310
 0.495, 0.653,-0.926,-0.937,-0.615, 0.952,-0.937, 1.470
 0.495, 0.700,-1.037,-0.980,-0.652, 1.068,-0.980, 1.589
 0.496, 0.733,-1.118,-1.001,-0.677, 1.153,-1.001, 1.671
 0.497, 0.755,-1.176,-1.006,-0.691, 1.215,-1.006, 1.722
 0.497, 0.730,-1.218,-0.959,-0.658, 1.258,-0.959, 1.713
 0.498, 0.616,-1.251,-0.819,-0.537, 1.287,-0.819, 1.618
 0.499, 0.451,-1.278,-0.624,-0.365, 1.305,-0.624, 1.492
 0.499, 0.263,-1.299,-0.407,-0.170, 1.314,-0.407, 1.386
 0.500, 0.072,-1.314,-0.188, 0.026, 1.315,-0.188, 1.329
 0.501,-0.106,-1.324, 0.015, 0.211, 1.312, 0.015, 1.328
 0.501,-0.264,-1.331, 0.195, 0.374, 1.304, 0.195, 1.371
 0.502,-0.396,-1.335, 0.347, 0.512, 1.295, 0.347, 1.435
 0.503,-0.503,-1.338, 0.469, 0.624, 1.286, 0.469, 1.504
 0.503,-0.584,-1.339, 0.563, 0.710, 1.276, 0.563, 1.565
 0.504,-0.634,-1.335, 0.643, 0.765, 1.264, 0.643, 1.612
 0.505,-0.655,-1.324, 0.719, 0.790, 1.248, 0.719, 1.643
 0.505,-0.654,-1.310, 0.786, 0.793, 1.230, 0.786, 1.662
 0.506,-0.639,-1.294, 0.843, 0.781, 1.213, 0.843, 1.671
 0.507,-0.613,-1.279, 0.890, 0.760, 1.198, 0.890, 1.674
 0.507,-0.584,-1.265, 0.925, 0.733, 1.184, 0.925, 1.672
 0.508,-0.552,-1.253, 0.952, 0.706, 1.173, 0.952, 1.667
 0.509,-0.521,-1.243, 0.970, 0.679, 1.165, 0.970, 1.661
 0.509,-0.491,-1.235, 0.983, 0.652, 1.158, 0.983, 1.653
 0.510,-0.454,-1.225, 0.999, 0.620, 1.150, 0.999, 1.645
 0.511,-0.416,-1.215, 1.015, 0.585, 1.143, 1.015, 1.637
 0.511,-0.378,-1.205, 1.030, 0.552, 1.136, 1.030, 1.630
 0.512,-0.344,-1.182, 1.054, 0.519, 1.116, 1.054, 1.621
 0.513,-0.315,-1.135, 1.096, 0.488, 1.072, 1.096, 1.609
 0.513,-0.292,-1.074, 1.146, 0.460, 1.014, 1.146, 1.598
 0.514,-0.273,-1.009, 1.199, 0.435, 0.951, 1.199, 1.591
 0.515,-0.259,-0.945, 1.250, 0.415, 0.888, 1.250, 1.588
 0.515,-0.248,-0.887, 1.296, 0.398, 0.831, 1.296, 1.590
 0.516,-0.241,-0.837, 1.335, 0.385, 0.781, 1.335, 1.594
 0.517,-0.236,-0.794, 1.368, 0.376, 0.738, 1.368, 1.599
 0.517,-0.238,-0.757, 1.395, 0.374, 0.699, 1.395, 1.604
 0.518,-0.246,-0.723, 1.416, 0.379, 0.663, 1.416, 1.609
 0.519,-0.257,-0.694, 1.432, 0.387, 0.631, 1.432, 1.612
 0.519,-0.274,-0.649, 1.449, 0.397, 0.582, 1.449, 1.611
 0.520,-0.295,-0.586, 1.467, 0.408, 0.514, 1.467, 1.607
 0.521,-0.318,-0.515, 1.484, 0.418, 0.438, 1.484, 1.603
 0.521,-0.341,-0.443, 1.500, 0.427, 0.361, 1.500, 1.601
 0.522,-0.362,-0.376, 1.515, 0.434, 0.290, 1.515, 1.602
 0.523,-0.380,-0.317, 1.526, 0.440, 0.226, 1.526, 1.604
 0.523,-0.394,-0.268, 1.536, 0.444, 0.173, 1.536, 1.608
 0.524,-0.405,-0.221, 1.543, 0.445, 0.123, 1.543, 1.610
 0.525,-0.411,-0.164, 1.549, 0.438, 0.064, 1.549, 1.611
 0.525,-0.414,-0.103, 1.553, 0.426, 0.002, 1.553, 1.611
 0.526,-0.414,-0.043, 1.556, 0.412,-0.058, 1.556, 1.611
 0.527,-0.412, 0.011, 1.559, 0.397,-0.112, 1.559, 1.612
 0.527,-0.409, 0.058, 1.560, 0.382,-0.158, 1.560, 1.614
 0.528,-0.407, 0.104, 1.553, 0.367,-0.204, 1.553, 1.609
 0.529,-0.409, 0.217, 1.468, 0.340,-0.315, 1.468, 1.539
 0.529,-0.417, 0.382, 1.319, 0.303,-0.478, 1.319, 1.435
 0.530,-0.427, 0.572, 1.137, 0.261,-0.665, 1.137, 1.343
 0.531,-0.440, 0.765, 0.946, 0.218,-0.855, 0.946, 1.294
 0.531,-0.453, 0.946, 0.762, 0.177,-1.034, 0.762, 1.297
 0.532,-0.467, 1.108, 0.596, 0.141,-1.194, 0.596, 1.341
 0.533,-0.480, 1.244, 0.452, 0.110,-1.329, 0.452, 1.408
 0.533,-0.492, 1.354, 0.333, 0.085,-1.438, 0.333, 1.479
 0.534,-0.503, 1.439, 0.240, 0.065,-1.523, 0.240, 1.543
 0.535,-0.514, 1.501, 0.169, 0.050,-1.586, 0.169, 1.596
 0.535,-0.523, 1.544, 0.113, 0.040,-1.629, 0.113, 1.634
 0.536,-0.519, 1.522, 0.023, 0.036,-1.607, 0.023, 1.608
 0.537,-0.489, 1.386,-0.146, 0.042,-1.470,-0.146, 1.477
 0.537,-0.443, 1.183,-0.359, 0.055,-1.262,-0.359, 1.314
 0.538,-0.390, 0.949,-0.587, 0.072,-1.023,-0.587, 1.182
 0.539,-0.335, 0.709,-0.808, 0.092,-0.779,-0.808, 1.126
 0.539,-0.283, 0.483,-1.010, 0.112,-0.548,-1.010, 1.155
 0.540,-0.236, 0.280,-1.186, 0.132,-0.342,-1.186, 1.241
 0.541,-0.196, 0.108,-1.331, 0.149,-0.167,-1.331, 1.350
 0.541,-0.163,-0.032,-1.446, 0.164,-0.025,-1.446, 1.456
 0.542,-0.137,-0.141,-1.533, 0.176, 0.086,-1.533, 1.546
 0.543,-0.093,-0.219,-1.593, 0.162, 0.174,-1.593, 1.611
 0.543,-0.028,-0.270,-1.630, 0.120, 0.244,-1.630, 1.653
 0.544, 0.047,-0.300,-1.649, 0.061, 0.297,-1.649, 1.677
 0.545, 0.122,-0.312,-1.654,-0.004, 0.335,-1.654, 1.688
 0.545, 0.194,-0.312,-1.650,-0.069, 0.361,-1.650, 1.691
 0.546, 0.258,-0.304,-1.640,-0.130, 0.377,-1.640, 1.688
 0.547, 0.312,-0.291,-1.627,-0.184, 0.385,-1.627, 1.682
 0.547, 0.357,-0.275,-1.612,-0.229, 0.388,-1.612, 1.674
 0.548, 0.392,-0.254,-1.598,-0.268, 0.382,-1.598, 1.665
 0.549, 0.419,-0.226,-1.585,-0.302, 0.368,-1.585, 1.655
 0.549, 0.439,-0.196,-1.574,-0.331, 0.349,-1.574, 1.646
 0.550, 0.453,-0.167,-1.565,-0.354, 0.329,-1.565, 1.638
 0.551, 0.467,-0.145,-1.552,-0.373, 0.316,-1.552, 1.627
 0.551, 0.512,-0.172,-1.503,-0.402, 0.360,-1.503, 1.597
 0.552, 0.580,-0.236,-1.425,-0.438, 0.448,-1.425, 1.557
 0.553, 0.661,-0.320,-1.334,-0.476, 0.559,-1.334, 1.523
 0.553, 0.743,-0.412,-1.241,-0.512, 0.678,-1.241, 1.504
 0.554, 0.822,-0.502,-1.152,-0.544, 0.795,-1.152, 1.501
 0.555, 0.893,-0.585,-1.072,-0.571, 0.902,-1.072, 1.513
 0.555, 0.955,-0.656,-1.004,-0.593, 0.995,-1.004, 1.533
 0.556, 1.006,-0.715,-0.948,-0.610, 1.073,-0.948, 1.556
 0.557, 1.046,-0.761,-0.905,-0.623, 1.134,-0.905, 1.579
 0.557, 1.083,-0.778,-0.874,-0.644, 1.168,-0.874, 1.594
 0.558, 1.123,-0.747,-0.858,-0.688, 1.160,-0.858, 1.598
 0.559, 1.162,-0.685,-0.853,-0.746, 1.124,-0.853, 1.596
 0.559, 1.198,-0.606,-0.855,-0.808, 1.072,-0.855, 1.592
 0.560, 1.229,-0.521,-0.863,-0.869, 1.013,-0.863, 1.589
 0.561, 1.255,-0.437,-0.874,-0.925, 0.953,-0.874, 1.590
 0.561, 1.276,-0.359,-0.885,-0.975, 0.897,-0.885, 1.594
 0.562, 1.291,-0.291,-0.897,-1.017, 0.848,-0.897, 1.599
 0.563, 1.303,-0.232,-0.908,-1.050, 0.806,-0.908, 1.605
 0.563, 1.312,-0.184,-0.914,-1.077, 0.771,-0.914, 1.610
 0.564, 1.333,-0.126,-0.873,-1.119, 0.735,-0.873, 1.599
 0.565, 1.365,-0.061,-0.791,-1.175, 0.698,-0.791, 1.579
 0.565, 1.402, 0.004,-0.687,-1.236, 0.662,-0.687, 1.561
 0.566, 1.439, 0.067,-0.575,-1.295, 0.631,-0.575, 1.551
 0.567, 1.475, 0.123,-0.466,-1.351, 0.604,-0.466, 1.551
 0.567, 1.506, 0.172,-0.366,-1.399, 0.583,-0.366, 1.559
 0.568, 1.532, 0.212,-0.279,-1.440, 0.566,-0.279, 1.572
 0.569, 1.554, 0.246,-0.207,-1.472, 0.554,-0.207, 1.586
 0.569, 1.570, 0.272,-0.149,-1.497, 0.546,-0.149, 1.600
 0.570, 1.574, 0.294,-0.120,-1.509, 0.535,-0.120, 1.606
 0.571, 1.543, 0.318,-0.166,-1.493, 0.505,-0.166, 1.584
 0.571, 1.488, 0.343,-0.264,-1.455, 0.462,-0.264, 1.550
 0.572, 1.420, 0.367,-0.391,-1.407, 0.413,-0.391, 1.518
 0.573, 1.348, 0.389,-0.528,-1.355, 0.363,-0.528, 1.499
 0.573, 1.279, 0.408,-0.663,-1.304, 0.316,-0.663, 1.497
 0.574, 1.215, 0.425,-0.786,-1.258, 0.274,-0.786, 1.509
 0.575, 1.160, 0.439,-0.894,-1.217, 0.239,-0.894, 1.529
 0.575, 1.114, 0.450,-0.984,-1.183, 0.210,-0.984, 1.553
 0.576, 1.077, 0.460,-1.056,-1.156, 0.187,-1.056, 1.577
 0.577, 1.049, 0.468,-1.110,-1.136, 0.170,-1.110, 1.597
 0.577, 1.031, 0.469,-1.147,-1.121, 0.164,-1.147, 1.612
 0.578, 1.036, 0.443,-1.160,-1.110, 0.193,-1.160, 1.617
 0.579, 1.058, 0.396,-1.153,-1.102, 0.249,-1.153, 1.614
 0.579, 1.090, 0.340,-1.134,-1.096, 0.319,-1.134, 1.609
 0.580, 1.127, 0.280,-1.108,-1.092, 0.393,-1.108, 1.605
 0.581, 1.164, 0.224,-1.079,-1.090, 0.466,-1.079, 1.603
 0.581, 1.199, 0.174,-1.050,-1.088, 0.531,-1.050, 1.603
 0.582, 1.230, 0.132,-1.023,-1.088, 0.588,-1.023, 1.605
 0.583, 1.256, 0.098,-1.000,-1.087, 0.636,-1.000, 1.608
 0.583, 1.285, 0.073,-0.958,-1.094, 0.678,-0.958, 1.605
 0.584, 1.327, 0.055,-0.876,-1.115, 0.721,-0.876, 1.590
 0.585, 1.373, 0.044,-0.771,-1.144, 0.762,-0.771, 1.575
 0.585, 1.421, 0.039,-0.658,-1.176, 0.799,-0.658, 1.566
 0.586, 1.465, 0.038,-0.548,-1.208, 0.830,-0.548, 1.564
 0.587, 1.504, 0.041,-0.447,-1.237, 0.856,-0.447, 1.570
 0.587, 1.537, 0.047,-0.359,-1.264, 0.876,-0.359, 1.579
 0.588, 1.564, 0.054,-0.286,-1.286, 0.892,-0.286, 1.591
 0.589, 1.584, 0.063,-0.228,-1.304, 0.902,-0.228, 1.602
 0.589, 1.599, 0.074,-0.178,-1.318, 0.908,-0.178, 1.611
 0.590, 1.610, 0.088,-0.129,-1.331, 0.909,-0.129, 1.617
 0.591, 1.616, 0.104,-0.084,-1.342, 0.906,-0.084, 1.621
 0.591, 1.619, 0.120,-0.045,-1.350, 0.901,-0.045, 1.624
 0.592, 1.620, 0.137,-0.011,-1.358, 0.894,-0.011, 1.626
 0.593, 1.618, 0.157, 0.019,-1.365, 0.884, 0.019, 1.626
 0.593, 1.615, 0.177, 0.045,-1.371, 0.871, 0.045, 1.625
 0.594, 1.582, 0.207, 0.083,-1.360, 0.834, 0.083, 1.598
 0.595, 1.432, 0.269, 0.188,-1.280, 0.697, 0.188, 1.469
 0.595, 1.205, 0.351, 0.334,-1.154, 0.494, 0.334, 1.299
 0.596, 0.942, 0.442, 0.498,-1.007, 0.261, 0.498, 1.153
 0.597, 0.671, 0.531, 0.663,-0.856, 0.023, 0.663, 1.083
 0.597, 0.415, 0.614, 0.818,-0.713,-0.201, 0.818, 1.103
 0.598, 0.186, 0.686, 0.954,-0.586,-0.402, 0.954, 1.190
 0.599,-0.010, 0.746, 1.069,-0.478,-0.572, 1.069, 1.304
 0.599,-0.171, 0.793, 1.162,-0.390,-0.711, 1.162, 1.418
 0.600,-0.297, 0.829, 1.234,-0.322,-0.819, 1.234, 1.516
 0.601,-0.392, 0.853, 1.287,-0.270,-0.899, 1.287, 1.593
 0.601,-0.473, 0.851, 1.327,-0.212,-0.950, 1.327, 1.645
 0.602,-0.543, 0.826, 1.356,-0.148,-0.977, 1.356, 1.678
 0.603,-0.600, 0.788, 1.375,-0.084,-0.987, 1.375, 1.695
 0.603,-0.645, 0.743, 1.388,-0.024,-0.984, 1.388, 1.701
 0.604,-0.679, 0.697, 1.394, 0.028,-0.973, 1.394, 1.700
 0.605,-0.704, 0.653, 1.396, 0.072,-0.957, 1.396, 1.694
 0.605,-0.720, 0.613, 1.395, 0.107,-0.940, 1.395, 1.686
 0.606,-0.733, 0.582, 1.384, 0.134,-0.926, 1.384, 1.671
 0.607,-0.767, 0.591, 1.297, 0.148,-0.957, 1.297, 1.618
 0.607,-0.817, 0.633, 1.150, 0.150,-1.022, 1.150, 1.546
 0.608,-0.874, 0.694, 0.974, 0.145,-1.107, 0.974, 1.481
 0.609,-0.934, 0.762, 0.789, 0.135,-1.198, 0.789, 1.441
 0.609,-0.991, 0.832, 0.612, 0.122,-1.288, 0.612, 1.431
 0.610,-1.043, 0.896, 0.452, 0.108,-1.371, 0.452, 1.447
 0.611,-1.088, 0.952, 0.315, 0.093,-1.443, 0.315, 1.479
 0.611,-1.125, 0.999, 0.202, 0.080,-1.502, 0.202, 1.518
 0.612,-1.155, 1.036, 0.113, 0.069,-1.550, 0.113, 1.556
 0.613,-1.181, 1.055, 0.046, 0.066,-1.583, 0.046, 1.585
 0.613,-1.222, 0.993,-0.004, 0.133,-1.569,-0.004, 1.575
 0.614,-1.274, 0.863,-0.041, 0.256,-1.518,-0.041, 1.540
 0.615,-1.331, 0.697,-0.066, 0.409,-1.445,-0.066, 1.504
 0.615,-1.386, 0.517,-0.081, 0.572,-1.364,-0.081, 1.482
 0.616,-1.437, 0.340,-0.089, 0.730,-1.283,-0.089, 1.479
 0.617,-1.481, 0.176,-0.091, 0.875,-1.207,-0.091, 1.494
 0.617,-1.517, 0.032,-0.090, 1.000,-1.141,-0.090, 1.520
 0.618,-1.545,-0.089,-0.085, 1.104,-1.085,-0.085, 1.550
 0.619,-1.567,-0.187,-0.080, 1.187,-1.040,-0.080, 1.580
 0.619,-1.582,-0.263,-0.074, 1.249,-1.006,-0.074, 1.605
 0.620,-1.588,-0.322,-0.071, 1.293,-0.976,-0.071, 1.622
 0.621,-1.529,-0.404,-0.121, 1.311,-0.884,-0.121, 1.586
 0.621,-1.409,-0.509,-0.222, 1.308,-0.730,-0.222, 1.515
 0.622,-1.257,-0.622,-0.349, 1.292,-0.547,-0.349, 1.446
 0.623,-1.094,-0.733,-0.485, 1.268,-0.356,-0.485, 1.403
 0.623,-0.933,-0.835,-0.618, 1.240,-0.173,-0.618, 1.396
 0.624,-0.786,-0.924,-0.739, 1.213,-0.008,-0.739, 1.420
 0.625,-0.656,-0.999,-0.845, 1.187, 0.134,-0.845, 1.463
 0.625,-0.548,-1.058,-0.932, 1.165, 0.251,-0.932, 1.513
 0.626,-0.460,-1.104,-1.002, 1.146, 0.342,-1.002, 1.560
 0.627,-0.393,-1.137,-1.055, 1.131, 0.411,-1.055, 1.600
 0.627,-0.343,-1.160,-1.092, 1.119, 0.459,-1.092, 1.630
 0.628,-0.301,-1.151,-1.131, 1.088, 0.481,-1.131, 1.641
 0.629,-0.258,-1.088,-1.188, 1.014, 0.472,-1.188, 1.631
 0.629,-0.216,-0.993,-1.253, 0.915, 0.441,-1.253, 1.613
 0.630,-0.178,-0.882,-1.319, 0.806, 0.400,-1.319, 1.597
 0.631,-0.146,-0.769,-1.381, 0.699, 0.353,-1.381, 1.587
 0.631,-0.118,-0.663,-1.436, 0.599, 0.307,-1.436, 1.586
 0.632,-0.097,-0.567,-1.483, 0.511, 0.264,-1.483, 1.591
 0.633,-0.080,-0.486,-1.522, 0.437, 0.227,-1.522, 1.599
 0.633,-0.068,-0.420,-1.551, 0.378, 0.195,-1.551, 1.609
 0.634,-0.060,-0.369,-1.573, 0.333, 0.170,-1.573, 1.617
 0.635,-0.050,-0.326,-1.588, 0.293, 0.152,-1.588, 1.622
 0.635,-0.015,-0.266,-1.595, 0.224, 0.144,-1.595, 1.617
 0.636, 0.038,-0.195,-1.597, 0.136, 0.144,-1.597, 1.609
 0.637, 0.099,-0.121,-1.595, 0.041, 0.150,-1.595, 1.603
 0.637, 0.161,-0.050,-1.590,-0.052, 0.160,-1.590, 1.599
 0.638, 0.219, 0.014,-1.585,-0.137, 0.172,-1.585, 1.600
 0.639, 0.272, 0.069,-1.578,-0.211, 0.184,-1.578, 1.603
 0.639, 0.316, 0.115,-1.572,-0.273, 0.196,-1.572, 1.607
 0.640, 0.352, 0.151,-1.566,-0.322, 0.207,-1.566, 1.612
 0.641, 0.387, 0.190,-1.546,-0.374, 0.216,-1.546, 1.605
 0.641, 0.452, 0.279,-1.458,-0.483, 0.222,-1.458, 1.552
 0.642, 0.536, 0.400,-1.324,-0.629, 0.228,-1.324, 1.484
 0.643, 0.626, 0.536,-1.168,-0.791, 0.232,-1.168, 1.430
 0.643, 0.714, 0.672,-1.008,-0.952, 0.235,-1.008, 1.406
 0.644, 0.794, 0.799,-0.857,-1.101, 0.238,-0.857, 1.415
 0.645, 0.863, 0.911,-0.721,-1.232, 0.241,-0.721, 1.448
 0.645, 0.920, 1.007,-0.606,-1.342, 0.243,-0.606, 1.492
 0.646, 0.963, 1.085,-0.512,-1.430, 0.245,-0.512, 1.538
 0.647, 0.993, 1.119,-0.464,-1.473, 0.258,-0.464, 1.566
 0.647, 1.011, 1.087,-0.481,-1.454, 0.297,-0.481, 1.561
 0.648, 1.023, 1.009,-0.540,-1.393, 0.353,-0.540, 1.535
 0.649, 1.029, 0.901,-0.621,-1.301, 0.420,-0.621, 1.502
 0.649, 1.028, 0.772,-0.711,-1.189, 0.491,-0.711, 1.470
 0.650, 1.013, 0.627,-0.798,-1.054, 0.556,-0.798, 1.434
 0.651, 0.903, 0.410,-0.818,-0.808, 0.574,-0.818, 1.286
 0.651, 0.711, 0.141,-0.776,-0.477, 0.546,-0.776, 1.061
 0.652, 0.478,-0.145,-0.694,-0.111, 0.487,-0.694, 0.855
 0.653, 0.234,-0.423,-0.591, 0.254, 0.412,-0.591, 0.764
 0.653, 0.000,-0.677,-0.482, 0.591, 0.331,-0.482, 0.831
 0.654,-0.211,-0.898,-0.375, 0.888, 0.250,-0.375, 0.996
 0.655,-0.391,-1.081,-0.278, 1.136, 0.176,-0.278, 1.183
 0.655,-0.539,-1.227,-0.194, 1.335, 0.111,-0.194, 1.354
 0.656,-0.653,-1.338,-0.124, 1.487, 0.057,-0.124, 1.494
 0.657,-0.737,-1.418,-0.069, 1.598, 0.013,-0.069, 1.599
 0.657,-0.795,-1.472,-0.027, 1.673,-0.020,-0.027, 1.673
 0.658,-0.831,-1.505, 0.003, 1.719,-0.043, 0.003, 1.719
 0.659,-0.849,-1.522, 0.023, 1.742,-0.058, 0.023, 1.743
 0.659,-0.853,-1.528, 0.034, 1.749,-0.067, 0.034, 1.750
 0.660,-0.848,-1.525, 0.040, 1.744,-0.071, 0.040, 1.746
 0.661,-0.836,-1.518, 0.041, 1.731,-0.071, 0.041, 1.733
 0.661,-0.820,-1.508, 0.039, 1.715,-0.068, 0.039, 1.716
 0.662,-0.801,-1.497, 0.035, 1.697,-0.064, 0.035, 1.698
 0.663,-0.783,-1.486, 0.029, 1.679,-0.059, 0.029, 1.680
 0.663,-0.765,-1.477, 0.024, 1.662,-0.054, 0.024, 1.663
 0.664,-0.748,-1.469, 0.019, 1.648,-0.049, 0.019, 1.648
 0.665,-0.732,-1.463, 0.014, 1.636,-0.045, 0.014, 1.636
 0.665,-0.718,-1.459, 0.010, 1.626,-0.041, 0.010, 1.626
 0.666,-0.706,-1.457, 0.006, 1.618,-0.038, 0.006, 1.619
 0.667,-0.695,-1.456, 0.003, 1.613,-0.035, 0.003, 1.614
 0.667,-0.686,-1.456, 0.001, 1.610,-0.033, 0.001, 1.610
 0.668,-0.678,-1.458,-0.000, 1.607,-0.032,-0.000, 1.608
 0.669,-0.670,-1.460,-0.001, 1.606,-0.031,-0.001, 1.607
 0.669,-0.663,-1.463,-0.002, 1.606,-0.031,-0.002, 1.606
 0.670,-0.657,-1.466,-0.002, 1.606,-0.031,-0.002, 1.607
 0.671,-0.651,-1.469,-0.002, 1.607,-0.031,-0.002, 1.607
 0.671,-0.645,-1.473,-0.002, 1.608,-0.031,-0.002, 1.608
 0.672,-0.639,-1.476,-0.002, 1.609,-0.031,-0.002, 1.609
 0.673,-0.634,-1.480,-0.001, 1.609,-0.031,-0.001, 1.610
 0.673,-0.628,-1.483,-0.001, 1.610,-0.032,-0.001, 1.611
 0.674,-0.622,-1.486,-0.001, 1.611,-0.032,-0.001, 1.611
 0.675,-0.616,-1.489,-0.001, 1.612,-0.032,-0.001, 1.612
 0.675,-0.610,-1.492,-0.000, 1.612,-0.033,-0.000, 1.612
 0.676,-0.604,-1.495,-0.000, 1.612,-0.033,-0.000, 1.613
 0.677,-0.598,-1.498,-0.000, 1.613,-0.033,-0.000, 1.613
 0.677,-0.592,-1.501,-0.000, 1.613,-0.033,-0.000, 1.613
 0.678,-0.585,-1.503, 0.000, 1.613,-0.033, 0.000, 1.613
 0.679,-0.579,-1.506, 0.000, 1.613,-0.033, 0.000, 1.613
 0.679,-0.572,-1.508, 0.000, 1.613,-0.033, 0.000, 1.613
 0.680,-0.566,-1.511, 0.000, 1.613,-0.033, 0.000, 1.613
 0.681,-0.559,-1.513, 0.000, 1.613,-0.033, 0.000, 1.613
 0.681,-0.553,-1.516, 0.000, 1.613,-0.033, 0.000, 1.613
 0.682,-0.546,-1.518, 0.000, 1.613,-0.033, 0.000, 1.613
 0.683,-0.540,-1.520, 0.000, 1.613,-0.033, 0.000, 1.613
 0.683,-0.533,-1.522, 0.000, 1.613,-0.033, 0.000, 1.613
 0.684,-0.527,-1.525, 0.000, 1.613,-0.033, 0.000, 1.613
 0.685,-0.520,-1.527, 0.000, 1.613,-0.033, 0.000, 1.613
 0.685,-0.514,-1.529, 0.000, 1.613,-0.033, 0.000, 1.613
 0.686,-0.507,-1.531, 0.000, 1.613,-0.033, 0.000, 1.613
 0.687,-0.500,-1.533, 0.000, 1.613,-0.033, 0.000, 1.613
 0.687,-0.494,-1.536, 0.000, 1.613,-0.033, 0.000, 1.613
 0.688,-0.487,-1.538,-0.000, 1.613,-0.033,-0.000, 1.613
 0.689,-0.481,-1.540,-0.000, 1.613,-0.033,-0.000, 1.613
 0.689,-0.474,-1.542,-0.000, 1.613,-0.033,-0.000, 1.613
 0.690,-0.467,-1.544,-0.000, 1.613,-0.033,-0.000, 1.613
 0.691,-0.461,-1.546,-0.000, 1.613,-0.033,-0.000, 1.613
 0.691,-0.454,-1.548,-0.000, 1.613,-0.033,-0.000, 1.613
 0.692,-0.448,-1.550,-0.000, 1.613,-0.033,-0.000, 1.613
 0.693,-0.441,-1.552,-0.000, 1.613,-0.033,-0.000, 1.613
 0.693,-0.434,-1.553,-0.000, 1.613,-0.033,-0.000, 1.613
 0.694,-0.428,-1.555,-0.000, 1.613,-0.033,-0.000, 1.613
 0.695,-0.421,-1.557,-0.000, 1.613,-0.033,-0.000, 1.613
 0.695,-0.414,-1.559,-0.000, 1.613,-0.033,-0.000, 1.613
 0.696,-0.408,-1.561,-0.000, 1.613,-0.033,-0.000, 1.613
 0.697,-0.401,-1.562,-0.000, 1.613,-0.033,-0.000, 1.613
 0.697,-0.394,-1.564,-0.000, 1.613,-0.033,-0.000, 1.613
 0.698,-0.387,-1.566,-0.000, 1.613,-0.033,-0.000, 1.613
 0.699,-0.381,-1.567,-0.000, 1.613,-0.033,-0.000, 1.613
 0.699,-0.374,-1.569,-0.000, 1.613,-0.033,-0.000, 1.613
 0.700,-0.367,-1.571,-0.000, 1.613,-0.033,-0.000, 1.613
 0.701,-0.361,-1.572,-0.000, 1.613,-0.033,-0.000, 1.613
 0.701,-0.354,-1.574,-0.000, 1.613,-0.033,-0.000, 1.613
 0.702,-0.347,-1.575,-0.000, 1.613,-0.033,-0.000, 1.613
 0.703,-0.340,-1.577,-0.000, 1.613,-0.033,-0.000, 1.613
 0.703,-0.333,-1.578,-0.000, 1.613,-0.033,-0.000, 1.613
 0.704,-0.327,-1.580,-0.000, 1.613,-0.033,-0.000, 1.613
 0.705,-0.320,-1.581,-0.000, 1.613,-0.033,-0.000, 1.613
 0.705,-0.313,-1.582,-0.000, 1.613,-0.033,-0.000, 1.613
 0.706,-0.306,-1.584,-0.000, 1.613,-0.033,-0.000, 1.613
 0.707,-0.300,-1.585,-0.000, 1.613,-0.033,-0.000, 1.613
 0.707,-0.293,-1.586,-0.000, 1.613,-0.033,-0.000, 1.613
 0.708,-0.286,-1.587,-0.000, 1.613,-0.033,-0.000, 1.613
 0.709,-0.279,-1.589,-0.000, 1.613,-0.033,-0.000, 1.613
 0.709,-0.272,-1.590,-0.000, 1.613,-0.033,-0.000, 1.613
 0.710,-0.266,-1.591,-0.000, 1.613,-0.033,-0.000, 1.613
 0.711,-0.259,-1.592,-0.000, 1.613,-0.033,-0.000, 1.613
 0.711,-0.252,-1.593,-0.000, 1.613,-0.033,-0.000, 1.613
 0.712,-0.245,-1.594,-0.000, 1.613,-0.033,-0.000, 1.613
 0.713,-0.238,-1.595,-0.000, 1.613,-0.033,-0.000, 1.613
 0.713,-0.231,-1.596,-0.000, 1.613,-0.033,-0.000, 1.613
 0.714,-0.225,-1.597,-0.000, 1.613,-0.033,-0.000, 1.613
 0.715,-0.218,-1.598,-0.000, 1.613,-0.033,-0.000, 1.613
 0.715,-0.211,-1.599,-0.000, 1.613,-0.033,-0.000, 1.613
 0.716,-0.204,-1.600,-0.000, 1.613,-0.033,-0.000, 1.613
 0.717,-0.197,-1.601,-0.000, 1.613,-0.033,-0.000, 1.613
 0.717,-0.190,-1.602,-0.000, 1.613,-0.033,-0.000, 1.613
 0.718,-0.183,-1.603,-0.000, 1.613,-0.033,-0.000, 1.613
 0.719,-0.176,-1.603,-0.000, 1.613,-0.033,-0.000, 1.613
 0.719,-0.170,-1.604,-0.000, 1.613,-0.033,-0.000, 1.613
 0.720,-0.163,-1.605,-0.000, 1.613,-0.033,-0.000, 1.613
 0.721,-0.156,-1.605,-0.000, 1.613,-0.033,-0.000, 1.613
 0.721,-0.149,-1.606,-0.000, 1.613,-0.033,-0.000, 1.613
 0.722,-0.142,-1.607,-0.000, 1.613,-0.033,-0.000, 1.613
 0.723,-0.135,-1.607,-0.000, 1.613,-0.033,-0.000, 1.613
 0.723,-0.128,-1.608,-0.000, 1.613,-0.033,-0.000, 1.613
 0.724,-0.121,-1.608,-0.000, 1.613,-0.033,-0.000, 1.613
 0.725,-0.114,-1.609,-0.000, 1.613,-0.033,-0.000, 1.613
 0.725,-0.108,-1.609,-0.000, 1.613,-0.033,-0.000, 1.613
 0.726,-0.101,-1.610,-0.000, 1.613,-0.033,-0.000, 1.613
 0.727,-0.094,-1.610,-0.000, 1.613,-0.033,-0.000, 1.613
 0.727,-0.087,-1.611,-0.000, 1.613,-0.033,-0.000, 1.613
 0.728,-0.080,-1.611,-0.000, 1.613,-0.033,-0.000, 1.613
 0.729,-0.073,-1.611,-0.000, 1.613,-0.033,-0.000, 1.613
 0.729,-0.066,-1.612,-0.000, 1.613,-0.033,-0.000, 1.613
 0.730,-0.059,-1.612,-0.000, 1.613,-0.033,-0.000, 1.613
 0.731,-0.052,-1.612,-0.000, 1.613,-0.033,-0.000, 1.613
 0.731,-0.045,-1.612,-0.000, 1.613,-0.033,-0.000, 1.613
 0.732,-0.038,-1.613,-0.000, 1.613,-0.033,-0.000, 1.613
 0.733,-0.032,-1.613,-0.000, 1.613,-0.033,-0.000, 1.613
 0.733,-0.025,-1.613,-0.000, 1.613,-0.033,-0.000, 1.613
 0.734,-0.018,-1.613,-0.000, 1.613,-0.033,-0.000, 1.613
 0.735,-0.011,-1.613,-0.000, 1.613,-0.033,-0.000, 1.613
 0.735,-0.004,-1.613,-0.000, 1.613,-0.033,-0.000, 1.613
 0.736, 0.003,-1.613,-0.000, 1.613,-0.033,-0.000, 1.613
 0.737, 0.010,-1.613,-0.000, 1.613,-0.033,-0.000, 1.613
 0.737, 0.017,-1.613,-0.000, 1.613,-0.033,-0.000, 1.613
 0.738, 0.024,-1.613,-0.000, 1.613,-0.033,-0.000, 1.613
 0.739, 0.031,-1.613,-0.000, 1.613,-0.033,-0.000, 1.613
 0.739, 0.038,-1.613,-0.000, 1.613,-0.033,-0.000, 1.613
 0.740, 0.045,-1.612,-0.000, 1.613,-0.033,-0.000, 1.613
 0.741, 0.051,-1.612,-0.000, 1.613,-0.033,-0.000, 1.613
 0.741, 0.058,-1.612,-0.000, 1.613,-0.033,-0.000, 1.613
 0.742, 0.065,-1.612,-0.000, 1.613,-0.033,-0.000, 1.613
 0.743, 0.072,-1.611,-0.000, 1.613,-0.033,-0.000, 1.613
 0.743, 0.079,-1.611,-0.000, 1.613,-0.033,-0.000, 1.613
 0.744, 0.086,-1.611,-0.000, 1.613,-0.033,-0.000, 1.613
 0.745, 0.093,-1.610,-0.000, 1.613,-0.033,-0.000, 1.613
 0.745, 0.100,-1.610,-0.000, 1.613,-0.033,-0.000, 1.613
 0.746, 0.107,-1.609,-0.000, 1.613,-0.033,-0.000, 1.613
 0.747, 0.114,-1.609,-0.000, 1.613,-0.033,-0.000, 1.613
 0.747, 0.121,-1.609,-0.000, 1.613,-0.033,-0.000, 1.613
 0.748, 0.127,-1.608,-0.000, 1.613,-0.033,-0.000, 1.613
 0.749, 0.134,-1.607,-0.000, 1.613,-0.033,-0.000, 1.613
 0.749, 0.141,-1.607,-0.000, 1.613,-0.033,-0.000, 1.613
 0.750, 0.148,-1.606,-0.000, 1.613,-0.033,-0.000, 1.613
 0.751, 0.155,-1.606,-0.000, 1.613,-0.033,-0.000, 1.613
 0.751, 0.162,-1.605,-0.000, 1.613,-0.033,-0.000, 1.613
 0.752, 0.169,-1.604,-0.000, 1.613,-0.033,-0.000, 1.613
 0.753, 0.176,-1.603,-0.000, 1.613,-0.033,-0.000, 1.613
 0.753, 0.182,-1.603,-0.000, 1.613,-0.033,-0.000, 1.613
 0.754, 0.189,-1.602,-0.000, 1.613,-0.033,-0.000, 1.613
 0.755, 0.196,-1.601,-0.000, 1.613,-0.033,-0.000, 1.613
 0.755, 0.203,-1.600,-0.000, 1.613,-0.033,-0.000, 1.613
 0.756, 0.210,-1.599,-0.000, 1.613,-0.033,-0.000, 1.613
 0.757, 0.217,-1.598,-0.000, 1.613,-0.033,-0.000, 1.613
 0.757, 0.224,-1.597,-0.000, 1.613,-0.033,-0.000, 1.613
 0.758, 0.230,-1.596,-0.000, 1.613,-0.033,-0.000, 1.613
 0.759, 0.237,-1.595,-0.000, 1.613,-0.033,-0.000, 1.613
 0.759, 0.244,-1.594,-0.000, 1.613,-0.033,-0.000, 1.613
 0.760, 0.251,-1.593,-0.000, 1.613,-0.033,-0.000, 1.613
 0.761, 0.258,-1.592,-0.000, 1.613,-0.033,-0.000, 1.613
 0.761, 0.265,-1.591,-0.000, 1.613,-0.033,-0.000, 1.613
 0.762, 0.271,-1.590,-0.000, 1.613,-0.033,-0.000, 1.613
 0.763, 0.278,-1.589,-0.000, 1.613,-0.033,-0.000, 1.613
 0.763, 0.285,-1.588,-0.000, 1.613,-0.033,-0.000, 1.613
 0.764, 0.292,-1.586,-0.000, 1.613,-0.033,-0.000, 1.613
 0.765, 0.299,-1.585,-0.000, 1.613,-0.033,-0.000, 1.613
 0.765, 0.306,-1.584,-0.000, 1.613,-0.033,-0.000, 1.613
 0.766, 0.312,-1.582,-0.000, 1.613,-0.033,-0.000, 1.613
 0.767, 0.319,-1.581,-0.000, 1.613,-0.033,-0.000, 1.613
 0.767, 0.326,-1.580,-0.000, 1.613,-0.033,-0.000, 1.613
 0.768, 0.333,-1.578,-0.000, 1.613,-0.033,-0.000, 1.613
 0.769, 0.339,-1.577,-0.000, 1.613,-0.033,-0.000, 1.613
 0.769, 0.346,-1.575,-0.000, 1.613,-0.033,-0.000, 1.613
 0.770, 0.353,-1.574,-0.000, 1.613,-0.033,-0.000, 1.613
 0.771, 0.360,-1.572,-0.000, 1.613,-0.033,-0.000, 1.613
 0.771, 0.366,-1.571,-0.000, 1.613,-0.033,-0.000, 1.613
 0.772, 0.373,-1.569,-0.000, 1.613,-0.033,-0.000, 1.613
 0.773, 0.380,-1.568,-0.000, 1.613,-0.033,-0.000, 1.613
 0.773, 0.387,-1.566,-0.000, 1.613,-0.033,-0.000, 1.613
 0.774, 0.393,-1.564,-0.000, 1.613,-0.033,-0.000, 1.613
 0.775, 0.400,-1.563,-0.000, 1.613,-0.033,-0.000, 1.613
 0.775, 0.407,-1.561,-0.000, 1.613,-0.033,-0.000, 1.613
 0.776, 0.413,-1.559,-0.000, 1.613,-0.033,-0.000, 1.613
 0.777, 0.420,-1.557,-0.000, 1.613,-0.033,-0.000, 1.613
 0.777, 0.427,-1.556,-0.000, 1.613,-0.033,-0.000, 1.613
 0.778, 0.433,-1.554,-0.000, 1.613,-0.033,-0.000, 1.613
 0.779, 0.440,-1.552,-0.000, 1.613,-0.033,-0.000, 1.613
 0.779, 0.447,-1.550,-0.000, 1.613,-0.033,-0.000, 1.613
 0.780, 0.453,-1.548,-0.000, 1.613,-0.033,-0.000, 1.613
 0.781, 0.460,-1.546,-0.000, 1.613,-0.033,-0.000, 1.613
 0.781, 0.467,-1.544,-0.000, 1.613,-0.033,-0.000, 1.613
 0.782, 0.473,-1.542,-0.000, 1.613,-0.033,-0.000, 1.613
 0.783, 0.480,-1.540,-0.000, 1.613,-0.033,-0.000, 1.613
 0.783, 0.486,-1.538,-0.000, 1.613,-0.033,-0.000, 1.613
 0.784, 0.493,-1.536,-0.000, 1.613,-0.033,-0.000, 1.613
 0.785, 0.500,-1.534,-0.000, 1.613,-0.033,-0.000, 1.613
 0.785, 0.506,-1.532,-0.000, 1.613,-0.033,-0.000, 1.613
 0.786, 0.513,-1.529,-0.000, 1.613,-0.033,-0.000, 1.613
 0.787, 0.519,-1.527,-0.000, 1.613,-0.033,-0.000, 1.613
 0.787, 0.526,-1.525,-0.000, 1.613,-0.033,-0.000, 1.613
 0.788, 0.532,-1.523,-0.000, 1.613,-0.033,-0.000, 1.613
 0.789, 0.539,-1.520,-0.000, 1.613,-0.033,-0.000, 1.613
 0.789, 0.545,-1.518,-0.000, 1.613,-0.033,-0.000, 1.613
 0.790, 0.552,-1.516,-0.000, 1.613,-0.033,-0.000, 1.613
 0.791, 0.558,-1.513,-0.000, 1.613,-0.033,-0.000, 1.613
 0.791, 0.565,-1.511,-0.000, 1.613,-0.033,-0.000, 1.613
 0.792, 0.571,-1.508,-0.000, 1.613,-0.033,-0.000, 1.613
 0.793, 0.578,-1.506,-0.000, 1.613,-0.033,-0.000, 1.613
 0.793, 0.584,-1.503,-0.000, 1.613,-0.033,-0.000, 1.613
 0.794, 0.591,-1.501,-0.000, 1.613,-0.033,-0.000, 1.613
 0.795, 0.597,-1.498,-0.000, 1.613,-0.033,-0.000, 1.613
 0.795, 0.604,-1.496,-0.000, 1.613,-0.033,-0.000, 1.613
 0.796, 0.610,-1.493,-0.000, 1.613,-0.033,-0.000, 1.613
 0.797, 0.616,-1.491,-0.000, 1.613,-0.033,-0.000, 1.613
 0.797, 0.623,-1.488,-0.000, 1.613,-0.033,-0.000, 1.613
 0.798, 0.629,-1.485,-0.000, 1.613,-0.033,-0.000, 1.613
 0.799, 0.636,-1.483,-0.000, 1.613,-0.033,-0.000, 1.613
 0.799, 0.642,-1.480,-0.000, 1.613,-0.033,-0.000, 1.613
 0.800, 0.648,-1.477,-0.000, 1.613,-0.033,-0.000, 1.613
 0.801, 0.655,-1.474,-0.000, 1.613,-0.033,-0.000, 1.613
 0.801, 0.661,-1.471,-0.000, 1.613,-0.033,-0.000, 1.613
 0.802, 0.667,-1.469,-0.000, 1.613,-0.033,-0.000, 1.613
 0.803, 0.673,-1.466,-0.000, 1.613,-0.033,-0.000, 1.613
 0.803, 0.680,-1.463,-0.000, 1.613,-0.033,-0.000, 1.613
 0.804, 0.686,-1.460,-0.000, 1.613,-0.033,-0.000, 1.613
 0.805, 0.692,-1.457,-0.000, 1.613,-0.033,-0.000, 1.613
 0.805, 0.698,-1.454,-0.000, 1.613,-0.033,-0.000, 1.613
 0.806, 0.705,-1.451,-0.000, 1.613,-0.033,-0.000, 1.613
 0.807, 0.711,-1.448,-0.000, 1.613,-0.033,-0.000, 1.613
 0.807, 0.717,-1.445,-0.000, 1.613,-0.033,-0.000, 1.613
 0.808, 0.723,-1.442,-0.000, 1.613,-0.033,-0.000, 1.613
 0.809, 0.730,-1.439,-0.000, 1.613,-0.033,-0.000, 1.613
 0.809, 0.736,-1.435,-0.000, 1.613,-0.033,-0.000, 1.613
 0.810, 0.742,-1.432,-0.000, 1.613,-0.033,-0.000, 1.613
 0.811, 0.748,-1.429,-0.000, 1.613,-0.033,-0.000, 1.613
 0.811, 0.754,-1.426,-0.000, 1.613,-0.033,-0.000, 1.613
 0.812, 0.760,-1.423,-0.000, 1.613,-0.033,-0.000, 1.613
 0.813, 0.766,-1.419,-0.000, 1.613,-0.033,-0.000, 1.613
 0.813, 0.772,-1.416,-0.000, 1.613,-0.033,-0.000, 1.613
 0.814, 0.778,-1.413,-0.000, 1.613,-0.033,-0.000, 1.613
 0.815, 0.784,-1.409,-0.000, 1.613,-0.033,-0.000, 1.613
 0.815, 0.791,-1.406,-0.000, 1.613,-0.033,-0.000, 1.613
 0.816, 0.797,-1.403,-0.000, 1.613,-0.033,-0.000, 1.613
 0.817, 0.803,-1.399,-0.000, 1.613,-0.033,-0.000, 1.613
 0.817, 0.809,-1.396,-0.000, 1.613,-0.033,-0.000, 1.613
 0.818, 0.815,-1.392,-0.000, 1.613,-0.033,-0.000, 1.613
 0.819, 0.820,-1.389,-0.000, 1.613,-0.033,-0.000, 1.613
 0.819, 0.826,-1.385,-0.000, 1.613,-0.033,-0.000, 1.613
 0.820, 0.832,-1.382,-0.000, 1.613,-0.033,-0.000, 1.613
 0.821, 0.838,-1.378,-0.000, 1.613,-0.033,-0.000, 1.613
 0.821, 0.844,-1.374,-0.000, 1.613,-0.033,-0.000, 1.613
 0.822, 0.850,-1.371,-0.000, 1.613,-0.033,-0.000, 1.613
 0.823, 0.856,-1.367,-0.000, 1.613,-0.033,-0.000, 1.613
 0.823, 0.862,-1.364,-0.000, 1.613,-0.033,-0.000, 1.613
 0.824, 0.868,-1.360,-0.000, 1.613,-0.033,-0.000, 1.613
 0.825, 0.873,-1.356,-0.000, 1.613,-0.033,-0.000, 1.613
 0.825, 0.879,-1.352,-0.000, 1.613,-0.033,-0.000, 1.613
 0.826, 0.885,-1.349,-0.000, 1.613,-0.033,-0.000, 1.613
 0.827, 0.891,-1.345,-0.000, 1.613,-0.033,-0.000, 1.613
 0.827, 0.897,-1.341,-0.000, 1.613,-0.033,-0.000, 1.613
 0.828, 0.902,-1.337,-0.000, 1.613,-0.033,-0.000, 1.613
 0.829, 0.908,-1.333,-0.000, 1.613,-0.033,-0.000, 1.613
 0.829, 0.914,-1.329,-0.000, 1.613,-0.033,-0.000, 1.613
 0.830, 0.919,-1.325,-0.000, 1.613,-0.033,-0.000, 1.613
 0.831, 0.925,-1.321,-0.000, 1.613,-0.033,-0.000, 1.613
 0.831, 0.931,-1.317,-0.000, 1.613,-0.033,-0.000, 1.613
 0.832, 0.936,-1.313,-0.000, 1.613,-0.033,-0.000, 1.613
 0.833, 0.942,-1.309,-0.000, 1.613,-0.033,-0.000, 1.613
 0.833, 0.948,-1.305,-0.000, 1.613,-0.033,-0.000, 1.613
 0.834, 0.953,-1.301,-0.000, 1.613,-0.033,-0.000, 1.613
 0.835, 0.959,-1.297,-0.000, 1.613,-0.033,-0.000, 1.613
 0.835, 0.964,-1.293,-0.000, 1.613,-0.033,-0.000, 1.613
 0.836, 0.970,-1.289,-0.000, 1.613,-0.033,-0.000, 1.613
 0.837, 0.975,-1.285,-0.000, 1.613,-0.033,-0.000, 1.613
 0.837, 0.981,-1.280,-0.000, 1.613,-0.033,-0.000, 1.613
 0.838, 0.986,-1.276,-0.000, 1.613,-0.033,-0.000, 1.613
 0.839, 0.992,-1.272,-0.000, 1.613,-0.033,-0.000, 1.613
 0.839, 0.997,-1.268,-0.000, 1.613,-0.033,-0.000, 1.613
 0.840, 1.003,-1.263,-0.000, 1.613,-0.033,-0.000, 1.613
 0.841, 1.008,-1.259,-0.000, 1.613,-0.033,-0.000, 1.613
 0.841, 1.014,-1.255,-0.000, 1.613,-0.033,-0.000, 1.613
 0.842, 1.019,-1.250,-0.000, 1.613,-0.033,-0.000, 1.613
 0.843, 1.024,-1.246,-0.000, 1.613,-0.033,-0.000, 1.613
 0.843, 1.030,-1.242,-0.000, 1.613,-0.033,-0.000, 1.613
 0.844, 1.035,-1.237,-0.000, 1.613,-0.033,-0.000, 1.613
 0.845, 1.040,-1.233,-0.000, 1.613,-0.033,-0.000, 1.613
 0.845, 1.045,-1.228,-0.000, 1.613,-0.033,-0.000, 1.613
 0.846, 1.051,-1.224,-0.000, 1.613,-0.033,-0.000, 1.613
 0.847, 1.056,-1.219,-0.000, 1.613,-0.033,-0.000, 1.613
 0.847, 1.061,-1.215,-0.000, 1.613,-0.033,-0.000, 1.613
 0.848, 1.066,-1.210,-0.000, 1.613,-0.033,-0.000, 1.613
 0.849, 1.072,-1.206,-0.000, 1.613,-0.033,-0.000, 1.613
 0.849, 1.077,-1.201,-0.000, 1.613,-0.033,-0.000, 1.613
 0.850, 1.082,-1.196,-0.000, 1.613,-0.033,-0.000, 1.613
 0.851, 1.087,-1.192,-0.000, 1.613,-0.033,-0.000, 1.613
 0.851, 1.092,-1.187,-0.000, 1.613,-0.033,-0.000, 1.613
 0.852, 1.097,-1.182,-0.000, 1.613,-0.033,-0.000, 1.613
 0.853, 1.102,-1.178,-0.000, 1.613,-0.033,-0.000, 1.613
 0.853, 1.107,-1.173,-0.000, 1.613,-0.033,-0.000, 1.613
 0.854, 1.112,-1.168,-0.000, 1.613,-0.033,-0.000, 1.613
 0.855, 1.117,-1.163,-0.000, 1.613,-0.033,-0.000, 1.613
 0.855, 1.122,-1.159,-0.000, 1.613,-0.033,-0.000, 1.613
 0.856, 1.127,-1.154,-0.000, 1.613,-0.033,-0.000, 1.613
 0.857, 1.132,-1.149,-0.000, 1.613,-0.033,-0.000, 1.613
 0.857, 1.137,-1.144,-0.000, 1.613,-0.033,-0.000, 1.613
 0.858, 1.142,-1.139,-0.000, 1.613,-0.033,-0.000, 1.613
 0.859, 1.147,-1.134,-0.000, 1.613,-0.033,-0.000, 1.613
 0.859, 1.152,-1.129,-0.000, 1.613,-0.033,-0.000, 1.613
 0.860, 1.157,-1.124,-0.000, 1.613,-0.033,-0.000, 1.613
 0.861, 1.161,-1.119,-0.000, 1.613,-0.033,-0.000, 1.613
 0.861, 1.166,-1.114,-0.000, 1.613,-0.033,-0.000, 1.613
 0.862, 1.171,-1.109,-0.000, 1.613,-0.033,-0.000, 1.613
 0.863, 1.176,-1.104,-0.000, 1.613,-0.033,-0.000, 1.613
 0.863, 1.180,-1.099,-0.000, 1.613,-0.033,-0.000, 1.613
 0.864, 1.185,-1.094,-0.000, 1.613,-0.033,-0.000, 1.613
 0.865, 1.190,-1.089,-0.000, 1.613,-0.033,-0.000, 1.613
 0.865, 1.194,-1.084,-0.000, 1.613,-0.033,-0.000, 1.613
 0.866, 1.199,-1.079,-0.000, 1.613,-0.033,-0.000, 1.613
 0.867, 1.204,-1.074,-0.000, 1.613,-0.033,-0.000, 1.613
 0.867, 1.208,-1.069,-0.000, 1.613,-0.033,-0.000, 1.613
 0.868, 1.213,-1.063,-0.000, 1.613,-0.033,-0.000, 1.613
 0.869, 1.217,-1.058,-0.000, 1.613,-0.033,-0.000, 1.613
 0.869, 1.222,-1.053,-0.000, 1.613,-0.033,-0.000, 1.613
 0.870, 1.226,-1.048,-0.000, 1.613,-0.033,-0.000, 1.613
 0.871, 1.231,-1.042,-0.000, 1.613,-0.033,-0.000, 1.613
 0.871, 1.235,-1.037,-0.000, 1.613,-0.033,-0.000, 1.613
 0.872, 1.240,-1.032,-0.000, 1.613,-0.033,-0.000, 1.613
 0.873, 1.244,-1.027,-0.000, 1.613,-0.033,-0.000, 1.613
 0.873, 1.249,-1.021,-0.000, 1.613,-0.033,-0.000, 1.613
 0.874, 1.253,-1.016,-0.000, 1.613,-0.033,-0.000, 1.613
 0.875, 1.257,-1.010,-0.000, 1.613,-0.033,-0.000, 1.613
 0.875, 1.262,-1.005,-0.000, 1.613,-0.033,-0.000, 1.613
 0.876, 1.266,-1.000,-0.000, 1.613,-0.033,-0.000, 1.613
 0.877, 1.270,-0.994,-0.000, 1.613,-0.033,-0.000, 1.613
 0.877, 1.274,-0.989,-0.000, 1.613,-0.033,-0.000, 1.613
 0.878, 1.279,-0.983,-0.000, 1.613,-0.033,-0.000, 1.613
 0.879, 1.283,-0.978,-0.000, 1.613,-0.033,-0.000, 1.613
 0.879, 1.287,-0.972,-0.000, 1.613,-0.033,-0.000, 1.613
 0.880, 1.291,-0.967,-0.000, 1.613,-0.033,-0.000, 1.613
 0.881, 1.295,-0.961,-0.000, 1.613,-0.033,-0.000, 1.613
 0.881, 1.299,-0.956,-0.000, 1.613,-0.033,-0.000, 1.613
 0.882, 1.304,-0.950,-0.000, 1.613,-0.033,-0.000, 1.613
 0.883, 1.308,-0.944,-0.000, 1.613,-0.033,-0.000, 1.613
 0.883, 1.312,-0.939,-0.000, 1.613,-0.033,-0.000, 1.613
 0.884, 1.316,-0.933,-0.000, 1.613,-0.033,-0.000, 1.613
 0.885, 1.320,-0.928,-0.000, 1.613,-0.033,-0.000, 1.613
 0.885, 1.324,-0.922,-0.000, 1.613,-0.033,-0.000, 1.613
 0.886, 1.328,-0.916,-0.000, 1.613,-0.033,-0.000, 1.613
 0.887, 1.331,-0.910,-0.000, 1.613,-0.033,-0.000, 1.613
 0.887, 1.335,-0.905,-0.000, 1.613,-0.033,-0.000, 1.613
 0.888, 1.339,-0.899,-0.000, 1.613,-0.033,-0.000, 1.613
 0.889, 1.343,-0.893,-0.000, 1.613,-0.033,-0.000, 1.613
 0.889, 1.347,-0.887,-0.000, 1.613,-0.033,-0.000, 1.613
 0.890, 1.351,-0.882,-0.000, 1.613,-0.033,-0.000, 1.613
 0.891, 1.354,-0.876,-0.000, 1.613,-0.033,-0.000, 1.613
 0.891, 1.358,-0.870,-0.000, 1.613,-0.033,-0.000, 1.613
 0.892, 1.362,-0.864,-0.000, 1.613,-0.033,-0.000, 1.613
 0.893, 1.366,-0.858,-0.000, 1.613,-0.033,-0.000, 1.613
 0.893, 1.369,-0.853,-0.000, 1.613,-0.033,-0.000, 1.613
 0.894, 1.373,-0.847,-0.000, 1.613,-0.033,-0.000, 1.613
 0.895, 1.377,-0.841,-0.000, 1.613,-0.033,-0.000, 1.613
 0.895, 1.380,-0.835,-0.000, 1.613,-0.033,-0.000, 1.613
 0.896, 1.384,-0.829,-0.000, 1.613,-0.033,-0.000, 1.613
 0.897, 1.387,-0.823,-0.000, 1.613,-0.033,-0.000, 1.613
 0.897, 1.391,-0.817,-0.000, 1.613,-0.033,-0.000, 1.613
 0.898, 1.394,-0.811,-0.000, 1.613,-0.033,-0.000, 1.613
 0.899, 1.398,-0.805,-0.000, 1.613,-0.033,-0.000, 1.613
 0.899, 1.401,-0.799,-0.000, 1.613,-0.033,-0.000, 1.613
 0.900, 1.405,-0.793,-0.000, 1.613,-0.033,-0.000, 1.613
 0.901, 1.408,-0.787,-0.000, 1.613,-0.033,-0.000, 1.613
 0.901, 1.411,-0.781,-0.000, 1.613,-0.033,-0.000, 1.613
 0.902, 1.415,-0.775,-0.000, 1.613,-0.033,-0.000, 1.613
 0.903, 1.418,-0.769,-0.000, 1.613,-0.033,-0.000, 1.613
 0.903, 1.421,-0.763,-0.000, 1.613,-0.033,-0.000, 1.613
 0.904, 1.425,-0.757,-0.000, 1.613,-0.033,-0.000, 1.613
 0.905, 1.428,-0.751,-0.000, 1.613,-0.033,-0.000, 1.613
 0.905, 1.431,-0.744,-0.000, 1.613,-0.033,-0.000, 1.613
 0.906, 1.434,-0.738,-0.000, 1.613,-0.033,-0.000, 1.613
 0.907, 1.437,-0.732,-0.000, 1.613,-0.033,-0.000, 1.613
 0.907, 1.440,-0.726,-0.000, 1.613,-0.033,-0.000, 1.613
 0.908, 1.444,-0.720,-0.000, 1.613,-0.033,-0.000, 1.613
 0.909, 1.447,-0.714,-0.000, 1.613,-0.033,-0.000, 1.613
 0.909, 1.450,-0.707,-0.000, 1.613,-0.033,-0.000, 1.613
 0.910, 1.453,-0.701,-0.000, 1.613,-0.033,-0.000, 1.613
 0.911, 1.456,-0.695,-0.000, 1.613,-0.033,-0.000, 1.613
 0.911, 1.459,-0.689,-0.000, 1.613,-0.033,-0.000, 1.613
 0.912, 1.462,-0.682,-0.000, 1.613,-0.033,-0.000, 1.613
 0.913, 1.464,-0.676,-0.000, 1.613,-0.033,-0.000, 1.613
 0.913, 1.467,-0.670,-0.000, 1.613,-0.033,-0.000, 1.613
 0.914, 1.470,-0.664,-0.000, 1.613,-0.033,-0.000, 1.613
 0.915, 1.473,-0.657,-0.000, 1.613,-0.033,-0.000, 1.613
 0.915, 1.476,-0.651,-0.000, 1.613,-0.033,-0.000, 1.613
 0.916, 1.479,-0.645,-0.000, 1.613,-0.033,-0.000, 1.613
 0.917, 1.481,-0.638,-0.000, 1.613,-0.033,-0.000, 1.613
 0.917, 1.484,-0.632,-0.000, 1.613,-0.033,-0.000, 1.613
 0.918, 1.487,-0.625,-0.000, 1.613,-0.033,-0.000, 1.613
 0.919, 1.489,-0.619,-0.000, 1.613,-0.033,-0.000, 1.613
 0.919, 1.492,-0.613,-0.000, 1.613,-0.033,-0.000, 1.613
 0.920, 1.495,-0.606,-0.000, 1.613,-0.033,-0.000, 1.613
 0.921, 1.497,-0.600,-0.000, 1.613,-0.033,-0.000, 1.613
 0.921, 1.500,-0.593,-0.000, 1.613,-0.033,-0.000, 1.613
 0.922, 1.502,-0.587,-0.000, 1.613,-0.033,-0.000, 1.613
 0.923, 1.505,-0.581,-0.000, 1.613,-0.033,-0.000, 1.613
 0.923, 1.507,-0.574,-0.000, 1.613,-0.033,-0.000, 1.613
 0.924, 1.510,-0.568,-0.000, 1.613,-0.033,-0.000, 1.613
 0.925, 1.512,-0.561,-0.000, 1.613,-0.033,-0.000, 1.613
 0.925, 1.515,-0.555,-0.000, 1.613,-0.033,-0.000, 1.613
 0.926, 1.517,-0.548,-0.000, 1.613,-0.033,-0.000, 1.613
 0.927, 1.519,-0.542,-0.000, 1.613,-0.033,-0.000, 1.613
 0.927, 1.522,-0.535,-0.000, 1.613,-0.033,-0.000, 1.613
 0.928, 1.524,-0.529,-0.000, 1.613,-0.033,-0.000, 1.613
 0.929, 1.526,-0.522,-0.000, 1.613,-0.033,-0.000, 1.613
 0.929, 1.528,-0.516,-0.000, 1.613,-0.033,-0.000, 1.613
 0.930, 1.531,-0.509,-0.000, 1.613,-0.033,-0.000, 1.613
 0.931, 1.533,-0.502,-0.000, 1.613,-0.033,-0.000, 1.613
 0.931, 1.535,-0.496,-0.000, 1.613,-0.033,-0.000, 1.613
 0.932, 1.537,-0.489,-0.000, 1.613,-0.033,-0.000, 1.613
 0.933, 1.539,-0.483,-0.000, 1.613,-0.033,-0.000, 1.613
 0.933, 1.541,-0.476,-0.000, 1.613,-0.033,-0.000, 1.613
 0.934, 1.543,-0.469,-0.000, 1.613,-0.033,-0.000, 1.613
 0.935, 1.545,-0.463,-0.000, 1.613,-0.033,-0.000, 1.613
 0.935, 1.547,-0.456,-0.000, 1.613,-0.033,-0.000, 1.613
 0.936, 1.549,-0.450,-0.000, 1.613,-0.033,-0.000, 1.613
 0.937, 1.551,-0.443,-0.000, 1.613,-0.033,-0.000, 1.613
 0.937, 1.553,-0.436,-0.000, 1.613,-0.033,-0.000, 1.613
 0.938, 1.555,-0.430,-0.000, 1.613,-0.033,-0.000, 1.613
 0.939, 1.557,-0.423,-0.000, 1.613,-0.033,-0.000, 1.613
 0.939, 1.558,-0.416,-0.000, 1.613,-0.033,-0.000, 1.613
 0.940, 1.560,-0.410,-0.000, 1.613,-0.033,-0.000, 1.613
 0.941, 1.562,-0.403,-0.000, 1.613,-0.033,-0.000, 1.613
 0.941, 1.564,-0.396,-0.000, 1.613,-0.033,-0.000, 1.613
 0.942, 1.565,-0.389,-0.000, 1.613,-0.033,-0.000, 1.613
 0.943, 1.567,-0.383,-0.000, 1.613,-0.033,-0.000, 1.613
 0.943, 1.569,-0.376,-0.000, 1.613,-0.033,-0.000, 1.613
 0.944, 1.570,-0.369,-0.000, 1.613,-0.033,-0.000, 1.613
 0.945, 1.572,-0.363,-0.000, 1.613,-0.033,-0.000, 1.613
 0.945, 1.573,-0.356,-0.000, 1.613,-0.033,-0.000, 1.613
 0.946, 1.575,-0.349,-0.000, 1.613,-0.033,-0.000, 1.613
 0.947, 1.576,-0.342,-0.000, 1.613,-0.033,-0.000, 1.613
 0.947, 1.578,-0.336,-0.000, 1.613,-0.033,-0.000, 1.613
 0.948, 1.579,-0.329,-0.000, 1.613,-0.033,-0.000, 1.613
 0.949, 1.581,-0.322,-0.000, 1.613,-0.033,-0.000, 1.613
 0.949, 1.582,-0.315,-0.000, 1.613,-0.033,-0.000, 1.613
 0.950, 1.583,-0.308,-0.000, 1.613,-0.033,-0.000, 1.613
 0.951, 1.585,-0.302,-0.000, 1.613,-0.033,-0.000, 1.613
 0.951, 1.586,-0.295,-0.000, 1.613,-0.033,-0.000, 1.613
 0.952, 1.587,-0.288,-0.000, 1.613,-0.033,-0.000, 1.613
 0.953, 1.588,-0.281,-0.000, 1.613,-0.033,-0.000, 1.613
 0.953, 1.590,-0.274,-0.000, 1.613,-0.033,-0.000, 1.613
 0.954, 1.591,-0.268,-0.000, 1.613,-0.033,-0.000, 1.613
 0.955, 1.592,-0.261,-0.000, 1.613,-0.033,-0.000, 1.613
 0.955, 1.593,-0.254,-0.000, 1.613,-0.033,-0.000, 1.613
 0.956, 1.594,-0.247,-0.000, 1.613,-0.033,-0.000, 1.613
 0.957, 1.595,-0.240,-0.000, 1.613,-0.033,-0.000, 1.613
 0.957, 1.596,-0.233,-0.000, 1.613,-0.033,-0.000, 1.613
 0.958, 1.597,-0.227,-0.000, 1.613,-0.033,-0.000, 1.613
 0.959, 1.598,-0.220,-0.000, 1.613,-0.033,-0.000, 1.613
 0.959, 1.599,-0.213,-0.000, 1.613,-0.033,-0.000, 1.613
 0.960, 1.600,-0.206,-0.000, 1.613,-0.033,-0.000, 1.613
 0.961, 1.601,-0.199,-0.000, 1.613,-0.033,-0.000, 1.613
 0.961, 1.602,-0.192,-0.000, 1.613,-0.033,-0.000, 1.613
 0.962, 1.602,-0.185,-0.000, 1.613,-0.033,-0.000, 1.613
 0.963, 1.603,-0.179,-0.000, 1.613,-0.033,-0.000, 1.613
 0.963, 1.604,-0.172,-0.000, 1.613,-0.033,-0.000, 1.613
 0.964, 1.605,-0.165,-0.000, 1.613,-0.033,-0.000, 1.613
 0.965, 1.605,-0.158,-0.000, 1.613,-0.033,-0.000, 1.613
 0.965, 1.606,-0.151,-0.000, 1.613,-0.033,-0.000, 1.613
 0.966, 1.607,-0.144,-0.000, 1.613,-0.033,-0.000, 1.613
 0.967, 1.607,-0.137,-0.000, 1.613,-0.033,-0.000, 1.613
 0.967, 1.608,-0.130,-0.000, 1.613,-0.033,-0.000, 1.613
 0.968, 1.608,-0.123,-0.000, 1.613,-0.033,-0.000, 1.613
 0.969, 1.609,-0.117,-0.000, 1.613,-0.033,-0.000, 1.613
 0.969, 1.609,-0.110,-0.000, 1.613,-0.033,-0.000, 1.613
 0.970, 1.610,-0.103,-0.000, 1.613,-0.033,-0.000, 1.613
 0.971, 1.610,-0.096,-0.000, 1.613,-0.033,-0.000, 1.613
 0.971, 1.611,-0.089,-0.000, 1.613,-0.033,-0.000, 1.613
 0.972, 1.611,-0.082,-0.000, 1.613,-0.033,-0.000, 1.613
 0.973, 1.611,-0.075,-0.000, 1.613,-0.033,-0.000, 1.613
 0.973, 1.612,-0.068,-0.000, 1.613,-0.033,-0.000, 1.613
 0.974, 1.612,-0.061,-0.000, 1.613,-0.033,-0.000, 1.613
 0.975, 1.612,-0.054,-0.000, 1.613,-0.033,-0.000, 1.613
 0.975, 1.612,-0.047,-0.000, 1.613,-0.033,-0.000, 1.613
 0.976, 1.613,-0.041,-0.000, 1.613,-0.033,-0.000, 1.613
 0.977, 1.613,-0.034,-0.000, 1.613,-0.033,-0.000, 1.613
 0.977, 1.613,-0.027,-0.000, 1.613,-0.033,-0.000, 1.613
 0.978, 1.613,-0.020,-0.000, 1.613,-0.033,-0.000, 1.613
 0.979, 1.613,-0.013,-0.000, 1.613,-0.033,-0.000, 1.613
 0.979, 1.613,-0.006,-0.000, 1.613,-0.033,-0.000, 1.613
 0.980, 1.613, 0.001,-0.000, 1.613,-0.033,-0.000, 1.613
 0.981, 1.613, 0.008,-0.000, 1.613,-0.033,-0.000, 1.613
 0.981, 1.613, 0.015,-0.000, 1.613,-0.033,-0.000, 1.613
 0.982, 1.613, 0.022,-0.000, 1.613,-0.033,-0.000, 1.613
 0.983, 1.613, 0.029,-0.000, 1.613,-0.033,-0.000, 1.613
 0.983, 1.613, 0.036,-0.000, 1.613,-0.033,-0.000, 1.613
 0.984, 1.612, 0.042,-0.000, 1.613,-0.033,-0.000, 1.613
 0.985, 1.612, 0.049,-0.000, 1.613,-0.033,-0.000, 1.613
 0.985, 1.612, 0.056,-0.000, 1.613,-0.033,-0.000, 1.613
 0.986, 1.612, 0.063,-0.000, 1.613,-0.033,-0.000, 1.613
 0.987, 1.611, 0.070,-0.000, 1.613,-0.033,-0.000, 1.613
 0.987, 1.611, 0.077,-0.000, 1.613,-0.033,-0.000, 1.613
 0.988, 1.611, 0.084,-0.000, 1.613,-0.033,-0.000, 1.613
 0.989, 1.610, 0.091,-0.000, 1.613,-0.033,-0.000, 1.613
 0.989, 1.610, 0.098,-0.000, 1.613,-0.033,-0.000, 1.613
 0.990, 1.610, 0.105,-0.000, 1.613,-0.033,-0.000, 1.613
 0.991, 1.609, 0.112,-0.000, 1.613,-0.033,-0.000, 1.613
 0.991, 1.609, 0.118,-0.000, 1.613,-0.033,-0.000, 1.613
 0.992, 1.608, 0.125,-0.000, 1.613,-0.033,-0.000, 1.613
 0.993, 1.608, 0.132,-0.000, 1.613,-0.033,-0.000, 1.613
 0.993, 1.607, 0.139,-0.000, 1.613,-0.033,-0.000, 1.613
 0.994, 1.606, 0.146,-0.000, 1.613,-0.033,-0.000, 1.613
 0.995, 1.606, 0.153,-0.000, 1.613,-0.033,-0.000, 1.613
 0.995, 1.605, 0.160,-0.000, 1.613,-0.033,-0.000, 1.613
 0.996, 1.604, 0.167,-0.000, 1.613,-0.033,-0.000, 1.613
 0.997, 1.604, 0.174,-0.000, 1.613,-0.033,-0.000, 1.613
 0.997, 1.603, 0.180,-0.000, 1.613,-0.033,-0.000, 1.613
 0.998, 1.602, 0.187,-0.000, 1.613,-0.033,-0.000, 1.613
 0.999, 1.601, 0.194,-0.000, 1.613,-0.033,-0.000, 1.613
 0.999, 1.600, 0.201,-0.000, 1.613,-0.033,-0.000, 1.613
